isin,ticker,name
DE000A0D6554,NDX1,NORDEX SE O.N.
DE000A0WMPJ6,AIXA,AIXTRON SE NA O.N.
DE000A0Z2XN6,RIB,RIB SOFTWARE SE  NA EO 1
DE000A0Z2ZZ5,FNTN,FREENET AG NA O.N.
DE000A1J5RX9,O2D,TELEFONICA DTLD HLDG AG
DE000A1ML7J1,VNA,VONOVIA SE NA O.N.
DE000BASF111,BAS,BASF SE NA O.N.
DE000CBK1001,CBK,COMMERZBANK AG
DE000ENAG999,EOAN,E.ON SE NA O.N.
DE000PSM7770,PSM,PROSIEBENSAT.1  NA O.N.
DE000WAF3001,WAF,SILTRONIC AG NA O.N.
DE000XNG8888,O1BC,XING AG NA O.N.
DE0003304002,SOW,SOFTWARE AG O.N.
DE0005089031,UTDI,UTD.INTERNET AG NA
DE0005103006,ADV,ADVA OPT.NETW.SE  O.N.
DE0005140008,DBK,DEUTSCHE BANK AG NA O.N.
DE0005158703,BC8,BECHTLE AG O.N.
DE0005190003,BMW,BAY.MOTOREN WERKE AG ST
DE0005190037,BMW3,BAY.MOTOREN WERKE  VZO
DE0005200000,BEI,BEIERSDORF AG O.N.
DE0005313704,AFX,CARL ZEISS MEDITEC AG
DE0005419105,COK,CANCOM SE O.N.
DE0005439004,CON,CONTINENTAL AG O.N.
DE0005552004,DPW,DEUTSCHE POST AG NA O.N.
DE0005557508,DTE,DT.TELEKOM AG NA
DE0005785604,FRE,FRESENIUS SE+CO.KGAA O.N.
DE0005785802,FME,FRESEN.MED.CARE KGAA O.N.
DE0005810055,DB1,DEUTSCHE BOERSE NA O.N.
DE0006047004,HEI,HEIDELBERGCEMENT AG O.N.
DE0006048408,HEN,HENKEL AG+CO.KGAA ST O.N.
DE0006048432,HEN3,HENKEL AG+CO.KGAA VZO
DE0006483001,LIN,LINDE AG O.N.
DE0006599905,MRK,MERCK KGAA O.N.
DE0007037129,RWE,RWE AG ST O.N.
DE0007100000,DAI,DAIMLER AG NA O.N.
DE0007165631,SRT3,SARTORIUS AG VZO O.N.
DE0007236101,SIE,SIEMENS AG NA
DE0007472060,WDI,WIRECARD AG
DE0007664005,VOW,VOLKSWAGEN AG ST O.N.
DE0007664039,VOW3,VOLKSWAGEN AG VZO O.N.
DE0008232125,LHA,LUFTHANSA AG VNA O.N.
DE0008404005,ALV,ALLIANZ SE NA O.N.
DE0008430026,MUV2,MUENCH.RUECKVERS.VNA O.N.
GB0059822006,DLG,"DIALOG SEMICOND.   LS-,10"
NL0012169213,QIA,"QIAGEN NV         EO -,01"
DE000A111338,AM3D,SLM SOLUTIONS GRP AG
DE0006229107,JEN,JENOPTIK AG O.N.
DE0007165607,SRT,SARTORIUS AG O.N.
AT0000A0E9W5,SANT,S+T AG (Z.REG.MK.Z.)O.N.
DE000A0DNAY5,ACX,BET-AT-HOME.COM AG O.N.
DE000A0DPRE6,LNSX,SIXT LEASING O.N.
DE000A0ETBQ4,MBB,MBB SE O.N.
DE000A0HGQS8,P4O,PLAN OPTIK         O.N.
DE000A0JBPG2,PNE3,PNE WIND AG NA O.N.
DE000A0JK2A8,AR4,AURELIUS EQ.OPP.   O.N.
DE000A0JL9W6,VBK,VERBIO VER.BIOENERGIE  ON
DE000A0KFKB3,E7S,ACCENTRO R.EST.AG  O.N.
DE000A0LD2U1,AOX,ALSTRIA OFFICE REIT-AG
DE000A0LD6E6,GXI,GERRESHEIMER AG
DE000A0LR936,ST5,STEICO SE
DE000A0STST2,TTI,TOM TAILOR HLDG  NA O.N.
DE000A0S8488,HHFA,HAMBURG.HAFEN U.LOG.A-SP
DE000A0XYGA7,TTR1,TECHNOTRANS AG NA O.N.
DE000A0Z1JH9,PSAN,PSI SOFTWARE AG NA O.N.
DE000A1EMG56,WIG1,WIGE MEDIA AG
DE000A1EWVY8,FYB,FORMYCON AG
DE000A1EWWW0,ADS,ADIDAS AG NA O.N.
DE000A1JBPV9,SW1,SHW AG
DE000A1K0201,GSC1,GESCO AG NA O.N.
DE000A1K0235,SMHN,SUESS MICROTEC AG NA O.N.
DE000A1K03W5,99SC,STARAMBA SE  O.N.
DE000A1PHFF7,BOSS,HUGO BOSS AG NA O.N.
DE000A1TNV91,ADE,BITCOIN GROUP SE  O.N.
DE000A1X3W00,MDG1,MEDIGENE AG NA O.N.
DE000A1YCMM2,SWVK,SOLARWORLD AG   O.N.
DE000A12B8Z4,TLG,TLG IMMOBILIEN AG
DE000A12DM80,G24,SCOUT24 AG NA O.N.
DE000A13SX22,HLE,HELLA KGAA HUECK+CO. O.N.
DE000A14KL72,VSC,4SC AG
DE000A2AADD2,IGY,INNOGY SE  INH. O.N.
DE000A2DAM03,AAG,AUMANN AG
DE000A2DAM11,TINA,BAUMOT GROUP AG  O.N.
DE000A2DA588,MXHN,MAX AUTOMATION AG NA O.N.
DE000BAY0017,BAYN,BAYER AG NA O.N.
DE000HLAG475,HLAG,HAPAG-LLOYD AG NA O.N.
DE000KC01000,KCO,KLOECKNER + CO SE NA O.N.
DE000KGX8881,KGX,KION GROUP AG
DE000KSAG888,SDF,K+S AG NA O.N.
DE000LED4000,OSR,OSRAM LICHT AG NA O.N.
DE000SHA0159,SHA,SCHAEFFLER AG INH. VZO
DE000STRA555,SBS,STRATEC BIOMEDICAL  NA ON
DE000SYM9999,SY1,SYMRISE AG INH. O.N.
DE000TLX1005,TLX,TALANX AG NA O.N.
DE000UNSE018,UN01,UNIPER SE  NA O.N.
DE000WACK012,WAC,WACKER NEUSON SE NA O.N.
DE0002457512,VIH,VIB VERMOEGEN O.N.
DE0003304101,GWI1,GERRY WEBER INTERNAT.O.N.
DE0005093108,AAD,AMADEUS FIRE AG
DE0005137004,QSC,QSC AG NA O.N.
DE0005157101,HNL,DR. HOENLE AG O.N.
DE0005176903,SUR,SURTECO SE
DE0005178008,SYT,SOFTING AG O.N.
DE0005194062,BYW6,BAYWA AG VINK.NA. O.N.
DE0005227235,BIO3,BIOTEST AG VZ O.N.
DE0005229504,BIJ,BIJOU BRIGITTE O.N.
DE0005232805,BDT,BERTRANDT AG O.N.
DE0005313506,EKT,ENERGIEKONTOR O.N.
DE0005407100,CSH,CENIT AG O.N.
DE0005408116,ARL,AAREAL BANK AG
DE0005408884,LEO,LEONI AG NA O.N.
DE0005428007,COM,COMDIRECT BANK AG
DE0005470405,LXS,LANXESS AG
DE0005488100,ISR,ISRA VISION O.N.
DE0005493092,BVB,BORUSSIA DORTMUND
DE0005545503,DRI,DRILLISCH AG O.N.
DE0005558696,PGN,PARAGON AG
DE0005565204,DUE,DUERR AG O.N.
DE0005654933,EIN3,EINHELL GERMANY VZO O.N.
DE0005664809,EVT,EVOTEC AG O.N.
DE0005677108,ELG,ELMOS SEMICONDUCTOR AG
DE0005772206,FIE,FIELMANN AG O.N.
DE0005790406,FPE,FUCHS PETROLUB SE O.N.
DE0005895403,GMM,GRAMMER AG O.N.
DE0005909006,GBF,BILFINGER SE O.N.
DE0006013006,HAB,HAMBORNER REIT AG O.N.
DE0006053952,KBC,KONTRON AG O.N.
DE0006062144,1COV,COVESTRO AG  O.N.
DE0006070006,HOT,HOCHTIEF AG
DE0006083405,HBH,HORNBACH HOLD.ST O.N.
DE0006095003,CAP,CAPITAL STAGE AG
DE0006219934,JUN3,JUNGHEINRICH AG O.N.VZO
DE0006231004,IFX,INFINEON TECH.AG NA O.N.
DE0006464506,LEI,LEIFHEIT AG O.N.
DE0006968001,PWO,PROGRESS-WERK OBERK. O.N.
DE0006969603,PUM,PUMA SE
DE0007042301,RHK,RHOEN-KLINIKUM O.N.
DE0007164600,SAP,SAP SE O.N.
DE0007203705,SHF,SNP SCHNEID.-NEUREIT.O.N.
DE0007231326,SIX2,SIXT SE ST O.N.
DE0007235301,SGL,SGL CARBON SE O.N.
DE0007251803,SAZ,STADA ARZNEIMITT. NA O.N.
DE0007257503,CEC,METRO AG ST O.N.
DE0007274136,STO3,STO SE+CO.KGAA VZO O.N.
DE0007314007,HDD,HEIDELBERG.DRUCKMA.O.N.
DE0007480204,DEQ,DEUTSCHE EUROSHOP AG O.N.
DE0007500001,TKA,THYSSENKRUPP AG O.N.
DE0007507501,WSU,WASHTEC AG O.N.
DE0007551400,USE,BEATE UHSE AG
DE0007571424,GKS,GK SOFTWARE O.N.
DE0007657231,VIB3,VILLEROY + BOCH AG VZ
DE0008402215,HNR1,HANNOVER RUECK SE NA O.N.
LU0307018795,SFQ,"SAF HOLLAND S.A.   EO-,01"
LU0775917882,GYC,"GRAND CITY PROPERT.EO-,10"
NL0000235190,AIR,AIRBUS
NL0011375019,SNH,"STEINHOFF INT.HLDG.EO-,50"
DE000BFB0019,B4B,METRO WHOLE.FOOD  ST O.N.
DE000A0DJ6J9,S92,SMA SOLAR TECHNOL.AG
DE000A0L1H32,93M,MPH MITT.PHARMA HLDG
DE000A1DAHH0,BNR,BRENNTAG AG NA O.N.
DE000A1H8MU2,ADD,ADLER MODEMAERKTE AG O.N.
DE000A1X3X33,WCMK,WCM BET.GRD.AG  O.N.
DE000A161N30,GLJ,GRENKE AG NA O.N.
DE000FTG1111,FTK,FINTECH GROUP AG  NA O.N.
DE000PAT1AG3,P1Z,PATRIZIA IMMOBILIEN NA ON
DE000VTG9999,VT9,VTG AG O.N.
DE0005008007,ADL,ADLER REAL ESTATE AG
DE0005086300,AEI,ALLGEIER SE  O.N.
DE0005111702,ZO1,ZOOPLUS AG
DE0005493365,HYQ,HYPOPORT AG
DE0005494538,CUR,CURASAN AG
DE0005501357,SPR,A.SPRINGER SE VNA
DE0005759807,IXX,INIT INNOVATION O.N.
DE0005937007,MAN,MAN SE ST O.N.
DE0006200108,INH,INDUS HOLDING AG
DE0006305006,DEZ,DEUTZ AG O.N.
DE0006452907,NEM,NEMETSCHEK SE O.N.
DE0006580806,MUM,MENSCH UND MASCH.O.N.
DE0006632003,MOR,MORPHOSYS AG O.N.
DE0006766504,NDA,AURUBIS AG
DE0007030009,RHM,RHEINMETALL AG
DE0007037145,RWE3,RWE AG VZO O.N.
DE0007170300,SLT,SCHALTBAU HOLDING O.N
DE0007231334,SIX3,SIXT SE VZO O.N.
DE0007493991,SAX,STROEER SE + CO. KGAA
DE0007667107,VOS,VOSSLOH AG O.N.
DE0007856023,ZIL2,ELRINGKLINGER AG NA O.N.
DE0008041005,EFF,DT.EFF.U.WECH.-BET.G.O.N.
DE0008051004,WUW,WUESTENROT+WUERTT.AG O.N.
AT0000746409,OEWA,VERBUND AG       INH. A
CA3809564097,GO5,GOLDCORP INC.
CH0012005267,NOT,"NOVARTIS NAM.     SF 0,50"
CH0012138530,CSX,"CRED.SUISSE GRP NA SF-,04"
CH0012221716,ABJ,"ABB LTD. NA     SF 0,12"
CH0038389992,BBZA,"BB BIOTECH NAM.   SF 0,20"
CH0038863350,NESR,"NESTLE NAM.        SF-,10"
DE000ETFL060,EL4F,DK DAX (AUSSCHUETTEND)
LU0292106241,DXSN,DB X-TR.SHORTDAX DAILY 1C
LU0378438732,C001,COMSTAGE-DAX UCITS ETF I
LU0411075020,DBPD,DB X-TR.SHORTDAX X2 DA.1C
DE000A0BVU93,PS4,PHOENIX SOLAR AG  O.N.
DE000A0D9PT0,MTX,MTU AERO ENGINES NA O.N.
DE000A0F5UH1,ISPA,IS.S.GL.SE.D.100 U.ETF A.
DE000A0F5UJ7,EXV1,IS.S.EU.600 BANK.U.ETF A.
DE000A0HN5C6,DWNI,DEUTSCHE WOHNEN AG INH
DE000A0Q4R28,EXV5,ISH.S.EU.600 A+P U.ETF A.
DE000A0Q4R36,EXV4,IS.S.E.600 HEA.C.U.ETF A.
DE000A1C22M3,H4ZF,HSBC S+P 500 UCITS ETF DZ
DE000A12GJD2,IROB,ETFS RO.GL RO.+AU.GO DZ
DE000A12UP37,NC5A,NORCOM INF.TECHN.AG
DE000PAH0038,PAH3,PORSCHE AUTOM.HLDG VZO
DE000TUAG000,TUI1,TUI AG NA O.N.
DE0005286108,UMD,UMT UTD MOB.TECHN.AG
DE0005751986,S4A,SMT SCHARF AG
DE0005773303,FRA,FRAPORT AG FFM.AIRPORT
DE0005790430,FPE3,FUCHS PETROL.SE VZO O.N.
DE0005878003,GIL,DMG MORI AG O.N.
DE0005936124,OHB,OHB SE   O.N.
DE0006204407,KU2,KUKA AG
DE0006289309,EXX1,ISHS ESTXX BNKS.30-15 UC.
DE0006292030,KSB3,KSB AG O.N. VZO
DE0006335003,KRN,KRONES AG O.N.
DE0006602006,G1A,GEA GROUP AG
DE0006757008,NSU,AUDI AG O.N.
DE0006916604,PFV,PFEIFFER VACUUM TECH.O.N.
DE0007010803,RAA,RATIONAL AG
DE0007193500,SKB,KOENIG + BAUER AG ST O.N.
DE0007297004,SZU,SUEDZUCKER AG  O.N.
DE0007846867,V6C,VISCOM AG O.N.
DE0008019001,PBB,DT.PFANDBRIEFBK AG
DE0008303504,TEG,TAG IMMOBILIEN AG
DK0010268606,VWS,VESTAS WIND SYST. NAM.DK1
ES0143416115,GTQ1,"SIEMENS GAMESA R.E.EO-,17"
FI0009000681,NOA3,"NOKIA OYJ EO-,06"
FR0000120644,BSN,"DANONE S.A. EO -,25"
FR0000121501,PEU,PEUGEOT SA           EO 1
FR0010315770,LYYA,LYX.MSCI WORLD U.ETF DEO
FR0010756098,AMEW,AMUNDI ETF MSCI WLD
GB00BHD66J44,TIM,ZEAL NETWORK SE      EO 1
GB00BH4HKS39,VODI,VODAFONE GROUP PLC
GB00B03MLX29,R6C,ROYAL DUTCH SHELL A EO-07
GB0007188757,RIO1,"RIO TINTO PLC      LS-,10"
GB0007980591,BPE5,"BP PLC             DL-,25"
GB0008706128,LLD,"LLOYDS BKG GRP     LS-,10"
GB0009252882,GS7,"GLAXOSMITHKLINE   LS-,25"
GB0009895292,ZEG,"ASTRAZENECA PLC    DL-,25"
IE00BWBXM492,ZPDE,SSGA S.E.E.II-S.US E.S.S.
IE00BYZK4552,2B76,ISHS IV-AUTO.+ROBOTIC.ETF
IE00B0M62Q58,IQQW,ISHS-MSCI WORLD DL D
IE00B4L5Y983,EUNL,ISHSIII-CORE MSCI WLD DLA
IE00B4YBJ215,SPY4,SPDR S+P 400 US MID CAP
IE0031442068,IUSA,ISHS-S+P 500 DL D
LU0378435985,C068,COMS.-S.E.600 HLTH.UETF I
LU0392494562,X010,COMS.-MSCI WORL.T.U.ETF I
LU0488316133,C012,COMSTAGE-S+P 500 U.ETF I
DE000A0S9GB0,4GLD,DT.BOERSE COM. XETRA-GOLD
NL0010831061,0ME,"MOBILEYE N.V.     EO -,01"
NL0011585146,2FE,FERRARI N.V.
LU0292095535,DXSA,DB X-TR.EU.ST.S.D.30DR 1D
US0079031078,AMD,"ADVANCED MIC.DEV.  DL-,01"
US17275R1023,CIS,"CISCO SYSTEMS    DL-,001"
US3682872078,GAZ,GAZPROM ADR SP./2 RL 5L 5
US3755581036,GIS,"GILEAD SCIENCES   DL-,001"
US4581401001,INL,"INTEL CORP.       DL-,001"
US6410694060,NESM,NESTLE NAM. ADR/1 SF 1
US69343P1057,LUK,"LUKOIL SP.ADR     RL-,025"
US70450Y1038,2PP,"PAYPAL HDGS INC.DL-,0001"
US7475251036,QCI,"QUALCOMM INC.    DL-,0001"
US80585Y3080,SBNC,SBERBANK ADR REGS/4 RL3
DE000A161NR7,N4G,THE NAGA GROUP AG NA O.N.
AT0000969985,AUS,AT+S AUSTR.T.+SYSTEMT.
FR0010869495,LYQL,LY.D.SHORTDAX X2 UETF CEO
DE000A0F5UG3,EXXV,IS.DJ EUROZ.SUST.SC.U.ETF
DE000A0HGQF5,MF6,MAGFORCE AG
DE000A0LAUP1,CE2,CROPENERGIES AG
DE000A1H8BV3,NOEJ,NORMA GROUP SE NA O.N.
DE000A1TNUT7,DBAN,DT.BETEILIG.AG   NA O.N.
DE000A12UKK6,RKET,ROCKET INTERNET SE
DE000EVNK013,EVK,EVONIK INDUSTRIES NA O.N.
DE000LEG1110,LEG,LEG IMMOBILIEN AG NA O.N.
DE000WCH8881,WCH,WACKER CHEMIE        O.N.
DE000ZAL1111,ZAL,ZALANDO SE
DE0005102008,BSL,BASLER AG O.N.
DE0005104806,SYZ,SYZYGY AG O.N.
DE0005168108,B5A,BAUER AG
DE0005201602,BEZ,BERENTZEN-GRP.AG
DE0005220909,NXU,NEXUS AG O.N.
DE0005437305,COP,COMPUGROUP MED.SE O.N.
DE0005470306,EVD,CTS EVENTIM KGAA
DE0005550636,DRW3,DRAEGERWERK VZO O.N.
DE0005659700,EUZ,ECKERT+ZIEGLER AG O.N.
DE0005800601,GFT,GFT TECHNOLOGIES SE
DE0006042708,HAW,HAWESKO HOLDING AG    SVG
DE0007446007,TTK,TAKKT AG O.N.
DK0060534915,NOVC,"NOVO-NORDISK NAM.B DK-,20"
FR0000120271,TOTB,"TOTAL S.A.      EO 2,50"
FR0010524777,LYM9,LYX.NEW ENERGY U.ETF DEO
FR0010527275,LYM8,LYX.WORLD WATER U.ETF DEO
FR0010688176,18M3,AMUNDI ETF MSCI EUR.BKS
GB00B128C026,AB1,"AIR BERLIN PLC    EO -,25"
GB0002374006,GUI,"DIAGEO PLC LS-,28935185"
GB0002875804,BMT,"BRIT.AMER.TOBACCO  LS-,25"
GB0030913577,BTQ,BT GROUP PLC      LS 0.05
IE00BL25JL35,XDEQ,CFS-DBXT.MSCI WQF.DR 1CDL
IE00BNH72088,ZPRC,SSGA S.E.E.II-S.TR G.C.BD
IE00BYTBXV33,RY4C,"RYANAIR HLDGS PLC EO-,006"
IE00B4JNQZ49,QDVH,ISHSV-S+P500 FIN.SECT.DLA
IE00B5BMR087,SXR8,ISHSVII-CORE S+P500 DLACC
IE00B5M1WJ87,SPYW,SPDR S+P EO DIV.ARIST.ETF
LU0061462528,RRTL,RTL GROUP
LU0340285161,UIM7,UBS-ETF-MSCI WORLD INH. A
LU0392494992,X013,C.-MSCI NO.AM.TRN U.ETF I
LU0533033238,LYPE,MUL-LYX.MSCI W.HCTRUE CEO
LU0603942888,C005,COMSTAGE-SDAX UCITS ETF I
LU0635178014,E127,COMS.-MSCI EM.M.T.U.ETF I
LU1066226637,STM,"STABILUS S.A. INH. EO-,01"
LU1598757687,ARRD,ARCELORMITTAL S.A. NOUV.
NL0000009538,PHI1,"KONINKL. PHILIPS EO -,20"
US4781601046,JNJ,JOHNSON + JOHNSON    DL 1
US5770811025,MTT,MATTEL INC.          DL 1
CY0105562116,AT1,"AROUNDTOWN PROP.HD.EO-,01"
CH0010645932,GIN,GIVAUDAN SA NA      SF 10
CH0012032113,RHO,ROCHE HLDG AG INH. SF 1
CH0025751329,LTEC,"LOGITECH INTL NA  SF -,25"
CH0030170408,GBRA,GEBERIT AG NA DISP. SF-10
CH0126881561,SR9,"SWISS RE AG NAM.  SF -,10"
DE000A0X9AA8,DES2,ETFS DAX DLY2XSH.GO UC.DZ
DE000ETFL235,EL4X,DK DAXPLUS MAX.DIVIDEND
DE000ETF9017,E901,COMSTAGE 1-DAX UCIT.ETF I
DE0002635273,EXSB,ISHARES DIVDAX UCITS ETF
DE0005933931,EXS1,ISHS CORE DAX UCITS ETF
LU0252634307,LYY8,MUL-LYX.DLY.LEVDAX UC.ETF
LU0274211480,DBXD,DB X-TRACK.DAX ETF(DR)1C
LU0838782315,XDDX,DB X-TR.DAX U.E.DR INC.1D
LU1104579369,E043,COMST.-LEVDAX X2 UC.ETF I
DE000A0BVU28,OSP2,USU SOFTWARE AG
DE000A0B65S3,PA8,PAION O.N
DE000A0D8Q07,EXSI,ISHARES EURO STOXX U.ETF
DE000A0H08M3,EXH1,IS.S.E.600 OIL+G.U.ETF A.
DE000A0H08R2,EXV2,ISH.S.EU.600 TEL.U.ETF A.
DE000A0KEXC7,V3S,VECTRON SYSTEMS      O.N.
DE000A1YKTG2,GY3L,ETFS EQ.SEC.DZ/UNDATED
DE000TCAG172,TC1,TELE COLUMBUS AG NA O.N.
DE0002635299,EXSH,ISH.S.EU.SEL.DIV.30 U.ETF
DE0002635307,EXSA,ISH.STOX.EUROPE 600 U.ETF
DE0005403901,CWC,CEWE STIFT.KGAA  O.N.
DE0005495329,HOC,HOLIDAYCHECK GRP AG
DE0005933923,EXS3,ISHARES MDAX UCITS ETF
DE0005933964,EXI1,ISHARES SLI UCITS ETF DE
DE0006569908,MLP,MLP AG
ES0178430E18,TNE5,TELEFONICA INH.      EO 1
FR0000120578,SNW,SANOFI SA INHABER    EO 2
GB00B24CGK77,3RB,"RECKITT BENCK.GRP LS -,10"
GB0000566504,BIL,"BHP BILLITON       DL-,50"
IE00BGHQ0G80,XMAW,CONC.-DB XT M.ACWI ETF 1C
IE00BSPLC413,ZPRV,SSGA S.E.E.II-M.U.S.C.V.W
IE00BYYXBF44,EHDL,P.SHS FTSE E.M.H.D.L.V.DL
IE00B0M63177,IQQE,IS MSCI EM U.ETF USD D
IE00B1TXK627,IQQQ,ISHSII-GL.WATER DLDIS
IE00B48X4842,SPYX,SPDR MSCI EM.MAR.SM.C.ETF
LU0136240974,UIM5,UBS-ETF-MSCI JAPAN INH.A
LU0292096186,DXSB,DB X-TR.S.GL SE.DI.100 1D
LU0392496427,C030,COMST.-DJ S.T.30N.U.ETF I
LU0476289466,D5BI,DB X-TR.MSCI MEX.I.DR 1C
LU0514695187,XCS5,DB X-TR.MSCI IND.IDX.1CDL
LU0533033667,LYPG,MUL-LYX.MSCI W.ITTRUE CEO
LU0659578842,XBAS,DBX-T.MSCI SING.IDX.1CDL
NL0000009355,UNI3,"UNILEVER CVA      EO -,16"
DE0005933956,EXW1,ISHARES EO STOXX 50 U.ETF
LU0378434079,C050,COMST.-E.STOXX 50 U.ETF I
LU0488317297,C054,CS-FR EO STOXX 50 U.ETF I
US01609W1027,AHLA,ALIBABA GR.HLDG SP.ADR 1
US02079K1079,ABEC,"ALPHABET INC.CL C DL-,001"
US02079K3059,ABEA,"ALPHABET INC.CL.A DL-,001"
US0382221051,AP2,APPLIED MATERIALS INC.
US0970231058,BCO,BOEING CO.           DL 5
US35671D8570,FPMB,FREEPORT-MCMORAN INC.
US64110L1061,NFC,"NETFLIX INC.      DL-,001"
US67066G1040,NVD,"NVIDIA CORP.      DL-,001"
US88160R1014,TL0,"TESLA INC. DL -,001"
US90184L1026,TWR,"TWITTER INC.   DL-,000005"
US9043111072,U9R,"UNDER ARMOUR A DL-,000333"
AT0000603709,AGB1,AGRANA BET.AG INH.
CH0011075394,ZFIN,"ZURICH INSUR.GR.NA.SF0,10"
DE000ETFL011,EL4A,DK DAX
DE000A0Z23Q5,ADN1,ADESSO AG  O.N.
DE000A1A6V48,KSC,KPS AG NA O.N.
DE000A1PHBB5,RSL2,R. STAHL AG NA O.N.
DE000A1YKTK4,GY3S,ETFS EQ.SEC.DZ/UNDATED
DE0005104400,AOF,ATOSS SOFTWARE AG
DE0005932735,YOC,YOC AG O.N.
DE0005933972,EXS2,ISHARES TECDAX UCITS ETF
DE0006202005,SZG,SALZGITTER AG O.N.
DE0007074007,KWS,KWS SAAT SE O.N.
FR0000120628,AXA,"AXA S.A. INH.     EO 2,29"
FR0010755611,18MF,AMUNDI ETF LEV. USA
FR0011020965,AMEA,AMUNDI ETF MSCI EM ASIA A
GB00B03MM408,R6C3,ROYAL DUTCH SHELL B EO-07
GB0004544929,ITB,IMPERIAL BRANDS PLC LS-10
GB0031348658,BCY,"BARCLAYS PLC      LS 0,25"
IE00BM67HT60,XDWT,DB-XTR.MSCI WITIU(PD)1CDL
IE00BYZK4669,2B77,ISHS IV-AGEING POPUL.ETF
IE00BYZK4883,2B79,ISHSIV-DIGITILASATION DLA
IE00B5L8K969,CEBL,ISHSVII-MSCI EM AS.DL ACC
LU0322250985,DX2G,DB X-TR.CAC 40 ETF(DR) 1D
LU0629459743,UIMM,UBS-ETF-MSCI WLD.S.RESP.A
DE000ETC0290,X0D1,COMMERZBANK ETC UNL.
SE0006027546,SVAB,STOCKHOLM IT VENTURES AB
DE0002635281,EXSG,IS.EO ST.SEL.DIV.30 U.ETF
LU0380865021,DXET,DB X-TR.EO STOXX 50 DR 1C
US3696041033,GEC,"GENL EL. CO.      DL -,06"
US4404521001,HO7,"HORMEL FOODS   DL-,01465"
US92826C8394,3V64,"VISA INC. CL. A DL -,0001"
CA82967M1005,ZSB,SIRONA BIOCHEM CORP.
CH0244767585,0UB,"UBS GROUP AG      SF -,10"
LU0252633754,LYY7,MUL-LYXOR DAX DR UC.ETF
DE000A0D8QZ7,EXSE,ISH.S.EUR.SMALL 200 U.ETF
DE000A0H0728,EXXY,ISHS DIV.COMM.SWAP UC.ETF
DE000A11QWW6,MYRK,MYHAMMER HOLDING AG O.N.
DE000A13SXB0,WBAG,WILD BUNCH AG O.N.
DE0006627201,MUB,MUEHLBAUER HOLD.AG O.N.
DE0007499303,TPN,TRIPLAN AG O.N.
FR0010429068,LYM7,LYXOR MSCI E.M.U.ETF C-EO
GB00B1XZS820,NGLB,"ANGLO AMERICAN DL-,54945"
IE00B4L60045,EUNT,ISHSIII-EO C.BD 1-5YR EOD
IE00B53QG562,SXR7,ISHSVII-MSCI EMU EO ACC
LU0274208692,DBXW,DB X-TR.MSCI WLD.IDX.1C
LU0328475792,DX2X,DB X-TR.S.E.600U.E.(DR)1C
US5949181045,MSF,"MICROSOFT    DL-,00000625"
US7415034039,PCE1,"PRICELINE GRP INC.DL-,008"
AT0000A00Y78,O2C,PETRO WELT TECHNOLOGIE.AG
AT0000730007,AZ2,ANDRITZ AG
CH0012032048,RHO5,ROCHE HLDG AG GEN.
DE000A0CAYB2,WIN,DIEBOLD NIXDORF  INH.O.N.
DE000A0JQ5U3,M5Z,MANZ AG
DE000ETFL441,ELF1,DEKA MDAX
DE0006972508,PBY,PUBLITY AG NA O.N.
DE0007775231,WUG3,WESTAG + GETALIT VZO O.N.
FR0010869578,LYQK,LYX.D.DOU.SH.BUND U.ETF A
FR0010892216,6AQQ,AMUNDI ETF NASDAQ-100
IE00B1FZS798,IUSM,ISHSII-DLT.BD7-10YR DLDIS
IE00B1XNHC34,IQQH,ISHSII-GL.CL.ENERGY DLDIS
LU0378449770,C011,COMST.-NASDAQ-100 U.ETF I
LU1296758029,CCAP,CORESTATE CAPITAL HLDG
NL0011821202,INN1,"ING GROEP NV      EO -,01"
US0846707026,BRYN,"BERKSH. H.B NEW DL-,00333"
US8552441094,SRB,STARBUCKS CORP.
DE000JST4000,JST,JOST WERKE AG INH.   O.N.
AT0000606306,RAW,RAIFFEISEN BK INTL INH.
CA0679011084,ABR,BARRICK GOLD CORP.
DE000A0X8994,DEL2,ETFS DAX DLY 2X LG GO DZ
DE000ETF9033,E903,COMSTAGE 1-DIVDAX U.ETF I
DE000A1C9KL8,H4ZJ,HSBC MSCI WORLD UC.ETF DZ
FR0000131906,RNL,"RENAULT INH.      EO 3,81"
FR0010312124,LYYC,LYX.MSCI AC APXJ.UETF CEO
IE00B4L5ZY03,EUNS,ISHSIII-EO CBX-F1-5YR EOD
SE0000106270,HMSB,HENNES + MAURITZ B SK-125
IE0008471009,EUN2,ISHSII-EURO STOXX50 EODIS
US0231351067,AMZ,"AMAZON.COM INC.    DL-,01"
US83304A1060,1SI,"SNAP INC. CL.A DL-,00001"
CA26154A1066,DRG,DREAM GL.REAL EST.I.TR.U.
DE000A2DAN10,SFD1,SOFTLINE AG  O.N.
DE0005634000,ESY,EASY SOFTWARE AG
DE0007448508,IVU,IVU TRAFFIC TECHN.AG O.N.
DK0060448595,CBHD,COLOPLAST NAM. B    DK 1
FR0000120321,LOR,"OREAL (L') INH.    EO 0,2"
FR0007063177,LYMS,LYX.NASDAQ-100 U.ETF DEO
IE00B2NPKV68,IUS7,ISHSII-JPM DL EM BD DLDIS
LU0480132876,UIMI,UBS-ETF-MSCI EMERG.MKTS A
US0311621009,AMG,"AMGEN INC.       DL-,0001"
US0378331005,APC,APPLE INC.
US30303M1027,FB2A,"FACEBOOK INC.A DL-,000006"
US5801351017,MDO,"MCDONALDS CORP.   DL-,01"
US9581021055,WDC,"WESTN DIGITAL      DL-,01"
DE000A0F5UF5,EXXT,ISHARES NASDAQ-100 U.ETF
DE000A1NZLK2,00XK,ETFS H.COM.SEC.Z12/UN.IDX
DE000A1X3XX4,DIC,DIC ASSET AG NA O.N.
DE000A2E4TS2,BIOS,BIOTEST AG ST Z.VERK.
DE0005220008,EBK,ENBW ENERGIE BAD.-WUE. ON
FR0010405431,LYMH,LYX.FTSE ATHEX L.C. U.ETF
IE00BKM4GZ66,IS3N,IS C.MSCI EMIMI U.ETF DLA
IE00B1FZS244,IQQ4,ISHSII-ASIA PROP.YLD DLD
IE00B441G979,IBCH,ISHSV.MSCI W.EUR HGD ACC
IT0005239360,CRIN,UNICREDIT
US09062X1037,IDP,"BIOGEN INC. DL -,0005"
US9314271084,W8A,"WALGREENS BOOTS AL.DL-,01"
DE000A14ZT85,USPY,ETFS ISE CYBER SEC.GO DZ
IE00BYZK4776,2B78,ISHS IV-HEALTHC.INNOV.ETF
LU1033693638,C007,COMSTAGE-MDAX UCITS ETF I
NL0000303709,AEND,AEGON NV (DEMAT.)   EO-12
NL0010877643,2FI,"FIAT CHRYSLER AUTOM. 0,01"
DE000A0KRJX4,OD7F,ETFS COM.SEC.DZ06/UN.WTI
IE00B60SWX25,SC0D,SOURCE MKTS-S.EU.STXX50 A
US2358511028,DAP,"DANAHER CORP.      DL-,01"
DE000A0BL849,V3V,VITA 34 AG NA O.N.
DE000A0KPMZ7,S4K,SHF COMMUNICAT.TECH.
DE000ETFL284,EL42,DK MSCI EUROPE
FR0000125007,GOB,ST GOBAIN            EO 4
IE00B53SZB19,SXRV,ISHSVII-NASDAQ 100 DL ACC
DE000A2E4T77,2HRA,H+R KGAA  INH. O.N.
DE000A1681X5,SNG,SINGULUS TECHNOL. EO 1
DE0005407506,CEV,CENTROTEC SUSTAINABLE O.N
DE0007775207,WUG,WESTAG + GETALIT ST O.N.
IE00BM67HK77,XDWH,DB-XTR.MSCI WHCI(PD) 1CDL
LU0397221945,DBX0,DB X-TR.PTF.TOT.RET.1C
LU1291101555,EESM,BNPPE.-MSCI.E.SC.ECW.UECE
DE000A0JKHC9,N7G,NANOGATE AG
DE000A1K0227,CNWK,CO.DON AG   INH. O.N.
DE000A2DJWJ4,WTD0,WISDOMTR.INDIA QUAL.DLADZ
FR0010791160,REAL,AMUNDI ETF FTSE EPRA E.RE
GB00BRS65X63,2IV,"INDIVIOR PLC      DL 0,10"
IE00BJZ2DC62,XRSM,DB-X-TR.R.MIDC.ETF DR1CDL
IE00B0M63284,IQQP,IS EUR.PROP.YI.U.ETF EOD
IE00B5ZR2157,PJS1,PFISETF.-EO SH.MAT.S.EOIN
LU0392495023,X014,C.S.-MSCI PACIF.T.U.ETF I
US02209S1033,PHM7,"ALTRIA GRP INC.   DL-,333"
US4592001014,IBM,"INTL BUS. MACH.    DL-,20"
DE0006578008,KWG,KHD HUMBOLDT WEDAG O.N.
FR0000120172,CAR,"CARREFOUR S.A. INH.EO 2,5"
IE00B3WJKG14,QDVE,ISHSV-S+500INF.T.SECT.DLA
LU0292107645,DBX1,DB X-TR.MSCI EM IDX.1C
LU1250154413,ADJ,ADO PROPERTIES S.A. NPV
IE00B53L3W79,SXRT,ISHSVII-C.EO STXX50 EOACC
US57636Q1040,M4I,"MASTERCARD INC.A DL-,0001"
DE000A1JF7R7,H4ZU,HSBC MSCI TAIWAN UC.ETFDZ
FR0000124711,UBL,UNIBAIL-ROD.SE INH.  EO 5
IE00B3Q19T94,S7XE,SOURCE-S.E.STXX OPT.BKS A
IE00B5MJYX09,SC0S,SOURCE-S.ST.E.600OP.IGS A
LU0322253906,DX2J,DB X-TR.MSCI EU.S.C.DR 1C
ES0148396007,IXD1,"INDITEX INH.      EO 0,03"
IT0003132476,ENI,ENI S.P.A.
BE0974293251,1NBA,ANHEUSER-BUSCH INBEV
DE0005066609,AAQ,AAP IMPLANTATE AG
DE0006450000,LPK,LPKF LASER+ELECTRON.
FR0000121485,PPX,KERING S.A. INH.     EO 4
FR0010756122,18MQ,AMUNDI ETF WLD EX EU.
IE00BP3QZJ36,IS3U,ISIV-MSCI FRAN. U.ETF EOA
IE00B66F4759,EUNW,IS EO H.Y.CO.BD U.ETF EOD
US00206R1023,SOBA,AT + T INC.          DL 1
DE000A0D8Q49,EXX5,IS.DJ U.S.SELEC.DIV.U.ETF
FR0000121014,MOH,"LVMH               EO 0,3"
IE00B7J7TB45,IS0X,IS GBL CORP BD U.ETF DLD
IE00B86MWN23,EUN0,ISHSVI-E.MSCI EO MIN.VEOA
LU0592217524,XMKA,DB X-T.MSCI A.T50 I. 1CDL
DE000A168114,AVES,AVES ONE AG O.N.
FR0010959676,AMEM,AMUNDI ETF MSCI EMER.MKTS
IE00B52MJY50,SXR1,ISHSVII-C.MSCI P.XJPDLACC
US31428X1063,FDX,"FEDEX CORP.        DL-,10"
AT0000908504,WSV2,VIENNA INSURANCE GRP INH.
CH0132594711,LMI,"LION E-MOBILITY AG SF-,13"
DE000A0JM2M1,B7E,BLUE CAP             O.N.
DE000ETFL128,EL4L,DK IB EO LIQ.SOV.DIV.1-3
DE0005110001,A1OS,ALL FOR ONE STEEB AG
FR0010892224,AUM5,AMUNDI ETF S+P 500
IE00B9M6SJ31,IBCQ,ISHSVI-G.C.BD EO H DIST
LU0925589839,XYP1,DBXT.II-EGBYP1-3UETFDR 1C
DE0007276503,YSN,SECUNET SECURITY AG O.N.
IE00BWBXM500,ZPDF,SSGA S.E.E.II-S.US F.S.S.
IE00B1YZSC51,IQQY,ISHSII-MSCI EUROPE EODIS
LU0290357929,DBXH,DBXTII-G.I.L.B.UETF(DR)1C
LU0659580079,XMK9,DB X-TR.MSCI J.I.(DR)4CEO
LU0378434236,C051,COMS.-E.STOXX SD30 UETF I
US2546871060,WDP,DISNEY (WALT) CO.
DE000A0WMNK9,VAO,VAPIANO SE  INH. O.N.
AT0000937503,VAS,VOESTALPINE AG
CH0303692047,ED4,"EDAG ENGINEERING G.SF-,04"
DE000A0XYG76,DR0,DEUTSCHE ROHSTOFF AG
DE0006577109,NN6,NANOREPRO AG
IT0000072618,IES,"INTESA SANPAOLO   EO 0,52"
LU0675401409,C128,C.MSCIEM.2XD.L.T.U.ETF I
IE00BSPLC298,ZPRX,SSGA S.E.E.II-M.E.S.C.V.W
IE00B52XQP83,IBC4,ISHSIII-MSCI S.AFR.DLACC
LU0488317701,CD91,C.S.-NYSE AR.GO.B.U.ETF I
DE000ETF7011,F701,COMSTAGE VERM.STR.U.ETF I
DE000A0KRKM5,OESA,ETFS OIL SEC DZ06/UN.OILB
FR0000133308,FTE,ORANGE INH.          EO 4
FR0010717090,18M2,AMUNDI ETF EMU HGH DIV.
IE00B14X4T88,IQQX,ISHS-ASIA PAC.DIV.DL D
DE000A2E4K43,DHER,DELIVERY HERO AG NA O.N.
IE00BCBJG560,ZPRS,SSGA SP.E.EU.II-M.W.S.C.
IE00B4613386,SYBM,SPDR B.EM.MA.LO.BOND ETF
DE000A0EPUH1,ISH2,INTERSHOP COMM.
DE000A0F5UK5,EXV6,IS.S.E.600 BA.RE.U.ETF A.
DE000A0V9ZE9,4RUP,ETFS COM.SEC.DZ08/UN.IDX
DE0005408686,VVV3,OEKOWORLD AG VZNA O.N.
DE0007257537,CEC1,METRO AG VZO O.N.
LU0292109856,DBX9,DB X-TR.FTSE CH.50ETF(DR)
LU0603933895,C003,COMSTAGE-DIVDAX U.ETF I
LU0274209740,DBXJ,DB X-TR.MSCI J.I.(DR)1C
DE000A0H0785,EXHF,IS.E.G.B.C.1.5-10.5 U.ETF
DE0005570808,UBK,UMWELTBANK AG O.N.
DE0006292006,KSB,KSB AG O.N. ST
IE00BK1PV551,XDWL,CFS-DBXT MSCI WLD ETF 1D
IE00B4L5YX21,EUNN,ISHSIII-C.MSCI JP.IMI DLA
IE00B5V87390,CEBB,ISHSVII-MSCI RU ADR/GDRDA
LU0378435639,C065,COMS.-SX.E.600C.+M.UETF I
SE0000163594,S7MB,SECURITAS AB B       SK 1
DE000A0H52F5,MVV1,MVV ENERGIE AG NA O.N.
US1491231015,CAT1,CATERPILLAR INC.     DL 1
US7170811035,PFE,"PFIZER INC.        DL-,05"
CH0012214059,HLBN,LAFARGEHOLCIM LTD.NAM.SF2
DE000A1MMCC8,ILM1,MEDIOS AG  O.N.
LU1291109293,XU61,BNPPE.-NMX30 I.GL UECEO
US1912161007,CCC3,"COCA-COLA CO.      DL-,25"
US3364331070,F3A,"FIRST SOLAR INC. D -,001"
DE000A0Q4R02,EXH9,ISH.S.EU.600 UTI.U.ETF A.
DE000A0H08N1,EXH7,ISH.S.E.600 P+HG U.ETF A.
FR0011550185,ESEE,BNP P.E.S+P 500 UCITS CEO
IE0005042456,IUSZ,IS CO.FTSE 100 U.ETF LSD
DE000ETC0308,X0D2,COMMERZBANK ETC UNL.
IE00BD1RP616,BIRG,BK OF IRELD GRP      EO 1
DE0005297204,HG1,HOMAG GROUP AG
FR0010326256,LYYG,L.TU.DJ TU.TI.20 UETF INH
US30231G1022,XONA,EXXON MOBIL CORP.
DE0005141907,SZZ,SINNERSCHRADER O.N.
FR0010378604,LYMF,LYX.ST.EU.SE.DI.30 U.ETF
IE00B0M63953,IQQR,ISHS-MSCI EAST.EUR.C.DL D
IE00B3F81R35,EUN5,ISHSIII-C.EO CORP.B.EODIS
IE00B4WXJJ64,EUNH,ISHSIII-C.EO GOV. B.EODIS
LU0378434582,C060,CS.-STX.EU.600 NR U.ETF I
LU0411078552,DBPG,DB X-TR.S+P500 2X LE.D.1C
DE000A2AAA75,T3T1,SEVEN PRINCIPLES AG O.N.
LU0411078636,DBPK,DB X-T.SP500 2X I.D.2XIIC
DE000A1K0300,EUCA,EUROMICRON AG NA O.N.
DE000A11QW50,ECX,EPIGENOMICS AG NA O.N.
DE0005550602,DRW8,DRAEGERWERK ST.A.O.N.
LU0322253229,DX2E,DB X-TR.S+P GLOB.INF.  1C
IE00BYPHT736,XDEP,DB-XTR.IBOX.E.CO.Y.P.1D
IE00B3F81G20,EUNI,ISHSIII-MSCI EM SM.C.DL D
IE00B6YX5D40,SPYD,SPDR S+P US DIV.ARIST.ETF
IE00B9M6RS56,IS3C,ISHSVI-JPM DL BD EOH DIS
LU1377527517,SEN,"SENVION S.A.     EUR -,01"
DE000A2DA414,CC1,CONSUS COMM.PTY AG  NA ON
AT0000609607,ABS2,PORR AG
AT0000743059,OMV,OMV AG
DE000A0JC8S7,D6H,DATAGROUP SE  INH. O.N.
DE000A1TNNN5,ACWN,A.S.CREATION TAPETEN NA
IE00BL25JN58,XDEB,CFS-DBXT.MSCI WMV.DR 1CDL
IE00B1FZS350,IQQ6,ISHSII-DEV.MKT.PR.Y.DLDIS
IE00B6R52036,IS0E,ISV-GOLD.PROD.U.ETF DLA
LU0292104469,DXSH,DB X-TR.ST.E.600 TECHN.1C
US1729674242,TRVC,"CITIGROUP INC.NEW DL -,01"
AT0000809058,IMO,IMMOFINANZ AG INH.
IE00B6YX5M31,SYBJ,SPDR BARC.EO HI.YI.BD ETF
DE000A0LBKW6,CFC,UET AG   O.N.
FI4000106299,FRU,FERRATUM OYJ
FR0007085501,LYQC,LYX.MSCI E.(DR)UC.E.D-EO
IE00B14X4N27,IQQU,IS MSCI EU.XUK U.ETF EOD
US4627261005,I8R,"IROBOT CORP.       DL-,01"
DE0006289382,EXI2,IS.DJ GLOB.TITAN.50 U.ETF
LU0259322260,M9SD,MA.-NYSE AR.GO.BU.IN.UETF
DE000ETFL078,EL4G,DK EO STOXX SEL.DIVID.30
DE0006289390,EXI3,IS.DJ INDUST.AVERAG.U.ETF
DE0007568578,F3C,SFC ENERGY AG
IE00B1FZSC47,IUST,ISHSII-DL TIPS DL ACC
LU0659579147,XBAK,DBX-T.MSCI PAK.I.1CDL
DE000A0N62G0,VZLD,ETFS MET.SEC.DZ07/UN.XAU
DE000A0D8Q23,EXXX,ISHARES ATX UCITS ETF
DE000A0MZ4B0,DLX,DELIGNIT AG      INH.O.N.
DE0005156236,SCE,SCHWEIZER ELECTR. NA O.N.
IE00BJ0KDR00,XD9U,CFS-DBXT MSCI USA ETF 1C
IE00B74DQ490,IBC9,IS GL.HI.YI.C.B.U.ETF DLD
DE000A161440,AD1,AUDEN AG   INH.EO 1
DE0008435967,NBG6,NUERNBERGER BET.AG VNA
ES0113900J37,BSD2,"BCO SANTANDER N.EO0,5"
IE00BCLWRB83,IS3F,IS DL C.B.I.R.H.U.ETF DLD
IE00B7MXFZ59,SYBI,SPDR B.EM IN.L.LO.BD U.
LU0846194776,XD5E,DB X-T.MSCI EMU I.UEDR.1D
DK0060252690,3P7,PANDORA A/S         DK 1
IE00BCRY5Y77,IS3J,ISIV-DL S.D.C.B U.ETF DLD
IE00BRHZ0620,CEM1,ISHSIII-MSCI T.USA RE DLD
LU0274211217,DBXE,DB X-TR.EO STOXX 50 DR 1D
IE00B469F816,SPYM,SPDR MSCI EMERG.MKTS ETF
LU0832435464,VOOL,MUL-LYX.S+P500VFER UE CE
LU1275255799,C099,CS.CO.C.EX-AG.M.E.H.ETF I
DE000A133ZU4,NGXL,BOOST ISSUER ETP 2062
DE000A2BDED2,4RUC,ETFS COM.SEC.DZ08/UN.IDX
DE0006046113,B8F,BIOFRONTERA AG NA O.N.
IE00BWBXM385,ZPDS,SSGA S.E.E.II-S.US.CON.S.
LU0488317024,C002,COMST.-FR DAX UCITS ETF I
DE000A0SMSH2,MUX,MUTARES AG
DE000ETF9082,E908,COMSTAGE 1-TECDAX U.ETF I
IE00B3B8PX14,IUS5,ISHSIII-G.I.L.GOV.B.DLACC
FR0010270033,LYY6,LYX.C.T.R./C.CRB TRUECEO
LU0290357176,DBXR,DBXTR.II-EGB.5-7 UE(DR)1C
LU0721553864,UEFR,UBS-ETF-M.IB.EO LIQ.C.AEO
CH0108503795,M6YA,"MEYER BUR.TECH.NAM.SF-,05"
IE00BQN1K901,CEMS,ISHSIV-E.MSCI EUR.V.F.EOA
IE00BQT3WG13,36BZ,ISHSIV-MSCI CHINA A DL A
LU0274209237,DBXA,DB X-TR.MSCI EUR.IDX.DR1C
DE000A1EK0G3,XAD1,DB ETC PLC P GOLD EUR H60
DE000ETFL029,EL4B,DK EURO STOXX 50
DE0005495626,GME,GERATHERM O.N.
DE000A0JRU67,XMY,MYBET HOLDING SE NA O.N.
DE0006289499,EXHD,I.EB.R.G.G.5.5-10.5 U.ETF
IE00BSJCQV56,ZPRP,SP.FTS.EPRA EU.EX UK R.E.
IE00BS7K8821,SYB4,S.S.E.E.II-B.3-5 Y.E.G.B.
IE00B1FZS467,IQQI,ISHSII-GL INFRASTR.DLDIS
IE00B3ZW0K18,IBCF,ISHSV-S+P500 EUR HGD ACC
IE00B4PY7Y77,IS0R,ISHSII-DLHY CORP BD DLDIS
IE00B6SPMN59,IBCK,ISHSVI-E.S+P500MIN.V.DL A
LU0290355717,DBXN,DBXTR.II-EUROZ.G.B.(DR)1C
LU0290356954,DBXQ,DBXTR.II-E.G.B.3-5(DR)1C
LU0659579063,XB4A,DB X-TRACKER.ATX ETF 1CEO
US91324P1021,UNH,"UNITEDHEALTH GROUP DL-,01"
DE000A0H08G5,EXH2,IS.S.E.600 FIN.S.U.ETF A.
FR0013188711,HNDX,AMUNDI ETF NASD.-100 D.H.
DE000A0H08S0,EXV9,ISH.S.EU.600 T+L U.ETF A.
FR0010361683,LYMD,LYX.MSCI INDIA U.ETF CEO
IE00B3F81K65,EUN3,ISHSIII-GL.GOV.BD DL DIS
DE0005088108,BWB,BAADER BANK AG
FR0000120073,AIL,"AIR LIQUIDE INH. EO 5,50"
IE00BM67HL84,XDWF,DB-XTR.MSCI WFIU(PD) 1CDL
IE00B8FHGS14,IQQ0,ISHS VI-E.MSCI WL.M.V.DLA
AT0000946652,SLL,SCHOELLER-BLECKMANN OILF.
DE000FPH9000,FPH,FRANCOTYP-POSTALIA HLDG
FR0010242511,E2F,"ELECTRICI.D.FRANCE E0-,50"
FR0010345504,LYYZ,LYXOR ETF ST.EUR.600 CON.
IE00B5MTWD60,SC0U,SOURCE-S.ST.E.600OP.BKS A
LU0378435043,C061,COMST.-S.E.600 A+P UETF I
AT00BUWOG001,BWO,BUWOG AG
FR0010220475,AOMD,ALSTOM S.A. INH.     EO 7
IE00B5MTWZ80,SC0X,SOURCE-S.ST.EU.600OPT.T.A
LU0292106084,DXSL,DB X-TR.ST.E.600 IN.GO.1C
DE0008148206,MBK,MERKUR BANK KGAA .O.N.
IE00BTN1Y115,2M6,"MEDTRONIC PLC    DL-,0001"
CH0013841017,LO3,LONZA GROUP AG NA    SF 1
US2193501051,GLW,"CORNING INC.      DL -,50"
DE000A1YCNN8,GXP,GXP GERM.PROP.AG  O.N.
DE0007201907,SIS,FIRST SENSOR AG O.N.
IE00BSKRK281,IS06,ISHSIII-EO C.B.BBB-BB EOD
IE00B41RYL63,SYBA,SPDR BAR.EO AGG.BOND ETF
DE000A0H08K7,EXH5,IS.S.E.600 INSUR.U.ETF A.
IT0003128367,ENL,ENEL S.P.A.          EO 1
US0153511094,AXP,"ALEXION PHARMAC. DL-,0001"
FR0010613471,SZ1,SUEZ                 EO 4
IE00BM67HM91,XDW0,DB-XTR.MSCI WEIU(PD) 1CDL
IE00BM67HN09,XDWS,DB-XTR.MSCI WCSIU(PD)1CDL
IE00BM67HP23,XDWC,DB-XTR.MSCI WCDIU(PD)1CDL
IE00BM67HQ30,XDWU,DB-XTR.MSCI WUIU(PD) 1CDL
IE00BM67HR47,XWTS,DB-XTR.MSCI WTSI(PD) 1CDL
IE00BM67HS53,XDWM,DB-XTR.MSCI WMIU(PD) 1CDL
IE00BM67HV82,XDWI,DB-XTR.MSCI WIIU(PD) 1CDL
IE00BP3QZB59,IS3S,ISHSIV-E.MSCI W.VAL.F.DLA
IE00BWBXM948,ZPDT,SSGA S.E.E.II-S.US T.S.S.
DE000A0XYHT5,IBU,IBU-TEC ADV.MATER. INH.ON
FR0000125486,SQU,"VINCI S.A. INH.   EO 2,50"
IE00B02KXK85,IQQC,ISHS-CHINA LARGE CAP DL D
DE000ETC0613,X0BB,COMMERZBANK ETC UNL.
US09247X1019,BLQA,"BLACKROCK  CL. A DL -,01"
DE0005933998,EXSD,ISH.S.EUROP.MID 200 U.ETF
IE00B02KXL92,IQQM,ISHS-ESTXX MID UC. ETF
US3453708600,FMC1,"FORD MOTOR         DL-,01"
US6541061031,NKE,NIKE INC. B
US88554D2053,SYV,"3 D SYS CORP.     DL-,001"
DE000A0MSN11,M7U,M-U-T AG MESSGER.INH.O.N.
LU0444605645,X500,C-IBO.E.L.S.D.O.T.U.ETF I
US7427181091,PRG,PROCTER GAMBLE
DE000A0WMJQ4,ELN,ELANIX BIOTECHN.AG
DE000A1K0375,ART,ARTNET AG NA O.N.
US00287Y1091,4AB,"ABBVIE INC.        DL-,01"
US6092071058,KTF,MONDELEZ INTL INC. A
DE000A0EQ578,H5E,HELMA EIGENHEIMBAU AG
DE000A0KRJ44,OD7M,ETFS COM.SEC.DZ06/UN.NICK
DE0006595101,MED,MEDICLIN AG
DE0006636681,VQT,VA-Q-TEC AG NA O.N.
FR0000120354,VAC,VALLOUREC            EO 2
IE00B53L4350,SXRU,ISHSVII-DJIA DL ACC
FR0007054358,LYSX,LYX.EU.ST.50(DR)U.E.DEO
CA32076V1031,FMV,FIRST MAJESTIC SILVER
DE000A0H0744,EXXW,IS.DJ AS.PAC.S.D.30 U.ETF
DE0006637200,MGN,MOLOGEN AG
LU0292106753,DXSP,DB X-T. EO ST.50 SH.DA.1C
DE000A1RFM03,LIO1,SYGNIS AG
ES0173516115,REP,REPSOL S.A. INH.     EO 1
IE00B0M63730,IQQF,IS MSCI AC FEXJ.U.ETF DLD
IE00B1W57M07,IQQ9,ISHSII-BRIC 50 DL DIS
LU0328476410,DX2Z,DB X-TR.S+P SEL.FRONT. 1C
DE000A1AQGX1,XETC,DB ETC IDX BRENT BST E 60
US1941621039,CPA,COLGATE-PALMOLIVE    DL 1
DE000A1MMCR6,H9O1,HUMANOPTICS AG  O.N.
DE0005492938,MZX,MASTERFLEX O.N.
LU0411075376,DBPE,DB X-TR.LEVDAX DAILY 1C
DE0006924400,PPA,PA POWER AUTOM.AG
DE000A1K0409,EMH1,PFERDEWETTEN.DE AG
IE00BJ0KDQ92,XDWD,CFS-DBXT MSCI WLD ETF 1C
IE00BQQP9G91,G2XJ,VE JR GOLD MIN.UCITSETF A
AT0000A00XX9,P4N,POLYTEC HLDG AG INH. EO 1
FR0010345389,LYYX,LYX.ST.E.600 B.R.U.ETF EO
DE000A2BDEB6,4RT6,ETFS COM.SEC.DZ08/UN.IDX
ES0167050915,OCI1,"ACS,ACT.CO.SER.INH.EO-,50"
IE00B2QWCY14,IUS3,ISHSIII-S+P SM.CAP600 DLD
IE0032077012,EQQQ,P.SHS EQQQ NASD.-100U.ETF
IE0032895942,IBCD,IS DL CORP BD U.ETF DLD
CH0012142631,CLRN,"CLARIANT NA   SF 3,70"
NL0012044747,SAE,SHOP APOTHEKE EUROPE INH.
DE0006289481,EXHC,I.EB.R.GO.G.2.5-5.5 U.ETF
IE00BVGC6645,NS4E,SOURCE M.-S.JPX-N.400 EOH
LU0838780707,XDUK,DB X-T.FTSE 100 E.DR 1C
US68620A1043,4OR,"ORGANOVO HLDGS     DL-,01"
DE0007788408,ANO,ALNO AG
IE00BMP3HG27,UBUM,UBS I.ETF-DL G.SEL.DIV.AD
LU0322252502,DBXV,DB X-TR.MSCI RUS.C.I.U.1C
DE000A0N62D7,VZLA,ETFS MET.SEC.DZ07/UN.XPT
US88579Y1010,MMM,"3M CO.             DL-,01"
DE000BFB0027,B4B3,METRO WHOLE.FOOD VZO O.N.
DE000A0H08D2,EXX7,ISHARES NIKKEI 225 U.ETF
FR0010168773,LYY1,LY.MSCI EMU SM.CA.UETF EO
DE000A0KRJ85,OD7R,ETFS COM.SEC.DZ06/UN.SUGA
IE00B14X4M10,IQQN,ISHS-MSCI NTH AMERICA DLD
IT0000062072,ASG,GENERALI             EO 1
LU0290358224,DBXK,DBXTRII-EILB.U.ETF(DR) 1C
US00507V1098,AIY,ACTIVISION BLIZZARD INC.
CA98462Y1007,RNY,YAMANA GOLD INC.
IE00B0M62X26,IBCI,IS EO I.L.GO.BD U.ETF EOA
US0718131099,BTL,BAXTER INTL          DL 1
IE00B4L5ZG21,EUNR,ISHSIII-EO C.B.EX-F.EODIS
DE000A0H08F7,EXV8,ISH.S.EU.600 C+M U.ETF A.
DE000A0V9YT0,4RT2,ETFS COM.SEC.DZ08/UN.IDX
IE00B02KXH56,IQQJ,IS MSCI JAP.U.ETF USD D
LU0490618542,D5BM,DB X-TR.S+P500 1CDL
LU0514695690,XCS6,DB X-T.MSCI CH.I.(DR)1CDL
IE00B0M62S72,IQQA,IS EURO DIVID.U.ETF EOD
DE000A0KRKG7,OD7Z,ETFS COM.SEC.DZ06/UN.IDX
IE00BVZ6SP04,PJSR,PFISETF.-EO SH.MAT.S.EOA.
DE000ETN0529,X0DR,COMMERZBANK ETN UNL.
DE0002635265,EXHE,ISHARES PFANDBRIEFE U.ETF
FR0010208488,GZF,ENGIE S.A. INH.      EO 1
IE0008470928,EUN1,ISHS II-STXX EUR.50 EODIS
US0605051046,NCB,"BANK AMERICA      DL 0,01"
IE00B42Z5J44,IBCG,ISHSV-MSCI JAPAN EO HDG A
US5398301094,LOM,LOCKHEED MARTIN    DL 1
IE00B1FZS806,IBCM,ISHSII-EO G.BD 7-10YR EOD
IE00B87RLX93,IS3B,ISHSVI-EO C.BD FINLS EOD
DE000A1YKTH0,EUL3,ETFS EQ.SEC.DZ/UNDATED
DE0005774103,FEV,FORTEC ELEKTRO. O.N.
LU0274221281,DBXS,DB X-TR.SW.L.C.ETF DR 1D
IE0032523478,IBCS,ISHS-EO C.BD L.C.U.ETFEOD
DE0007461006,TPE,PVA TEPLA AG O.N.
LU0950671239,UEF3,UBS-E.-M.UK H.TO EO AAEO
DE0007229007,SWA,SCHLOSS WACHENHEIM AG O.N
IE00B44CND37,SYBT,SPDR BARCL.US TRE.BD ETF
DE000A0XFWK2,SHWK,SHS VIVEON AG
DE0006569403,ALG,ALBIS LEASING AG O.N.
FR0011314277,TTPX,AMUN.E.J.TOP.U.E.D.HED.EO
CA9628791027,SII,WHEATON PREC. METALS
CH0010570767,LSPP,LINDT SPRUENGLI PS  SF 10
IE00BD4TYG73,UBUJ,UBS I.ETF-M.U.H.T.EO EOAA
IE00B3VWM098,SXRG,ISHSVII-MSCI USA SC DL AC
ES0144580Y14,IBE1,"IBERDROLA INH.    EO -,75"
IE00BYZTVV78,QDVL,ISHSII-EOCB SRI 0-3YR EOD
IE00B2QWDY88,IUS4,ISHSIII-MSCI J.SM.CAP DLD
LU0274212538,DBXI,DB X-T.FTSE MIB ETF DR 1D
DE000A1E0HR8,XAD5,DB ETC PLC P GOLD EUR 60
DE0005203947,BNN,B.R.A.I.N. NA
FR0010174292,LYQ7,L.EUROMTS I.L.I.G(DR)UETF
FR0013141462,FRNH,AMUNDI ETF FR DL CORP.EOH
IE00BZ036J45,XDGE,CFS-DBX.UCB.UETF(DR)2DEOH
IE00B3B8Q275,IUS6,ISHSIII-EO COV.BD EO DIS
LU0321463506,DXSW,DB X-TR.II-IB.G.C.T.1C
LU0476289623,XAIN,DB X-T.MSCI IND.IDX.I 1C
US2687801033,EOAA,E.ON SE O.N. ADR
IE00B3VWMM18,SXRJ,ISHSVII-MSCI EMU SC EOACC
IE00B9CQXS71,ZPRG,SPDR S+P GL.DIV.ARIST.ETF
IT0003497168,TQI,TELECOM ITALIA
LU0530119774,5X62,COMS.-CO.B.-F.S.T.U.ETF I
LU1048313891,UEF5,UBS-ETF-MSCI E.MA.S.R.ADL
IE00B60SX394,SC0J,SOURCE MKTS-S.MSCI WRLD A
US92343V1044,BAC,"VERIZON COMM. INC. DL-,10"
IE00BCRY6557,IS3M,ISIV-EO ULTR.BD U.ETF EOD
DE000ETC0274,X0C1,COMMERZBANK ETC UNL.
DE0006190705,HAE,HAEMATO AG O.N.
FR0000131104,BNP,BNP PARIBAS INH.     EO 2
FR0010037242,LYQ6,L.EU.10-15Y IG(DR)UETF EO
SE0000310336,SWM,SWEDISH MATCH
US2855121099,ERT,"EL. ARTS INC.      DL-,01"
IE00B6X2VY59,IS0Y,ISV-E.C.B.I.R.H.U.ETF EOD
IE00B9KNR336,ZPRA,SPDR S+P P.AS.DIV.ARI.ETF
LU0292107991,DBX2,DB X-TR.MSCI EM ASIA I.1C
IE00B3LK4Z20,EMSV,SOURCE-S.MSCI EUR.VALUE A
LU0603940916,C004,COMST.-SH.DAX TR U.ETF I
DE000A1JF7L0,H4ZP,HSBC MSCI CHINA U. ETF DZ
DE0005933980,EXSC,ISH.S.EUR.LARGE 200 U.ETF
DE0006289473,EXHB,I.EB.R.G.G.1.5-2.5Y U.ETF
IE00B5M4WH52,IUSP,ISH3-I.JPM.EMLGB.UETF DLD
IE00B6R51Z18,IS0D,ISHSV-O+G.EX.+PROD.DL A
LU0136234654,UIM6,UBS-ETF-MSCI USA INH.A
LU0839027447,XDJP,DBX-T.NIK.225 UCI.E.DR 1D
DE000A12UPJ7,PAL,PANTALEON ENTERTAIN.AG
DE000ETFL177,EL4R,DK DB EUROG.GERMANY
FR0012951044,CAB3,AMUNDI ETF BBB EO C.I.GR.
LU0392494646,X011,C.MSCI EUROPE TRN U.ETF I
US2536511031,DBD,"DIEBOLD NIXDORF DL 1,25"
DE0007830788,IS8,IFA SYSTEMS AG
FR0010967323,LYQS,L.IBOXX DL L.E.M.S.UETF A
LU1048317025,UEF0,UBS-B.B.US L.C.UETF AEOH
US4370761029,HDI,"HOME DEPOT INC.    DL-,05"
US58933Y1055,6MK,"MERCK CO.          DL-,01"
LU0378437098,C076,COMS.-ST.E.600TECH.UETF I
DE000A119T29,SMLN,SOURCE MK.S.JPX-N.400 ADZ
DE0006459324,LUS,LANG+SCHWARZ AG NA
IE00BYXPXK00,IS07,ISHSIV-ED.MSCI WLD M.EOHA
IE00B53L4X51,SXRY,ISHSVII-FTSE MIB EO ACC
DE000A0L1NN5,HPBK,HELIAD EQ.PARTN.KGAA
DE000A0V9LA7,DAR,DATRON AG INH.O.N.
DE000A1TNWJ4,MPCK,MPC MUENCH.PET.CAP.
SE0000869646,BWJ,BOLIDEN AB           SK 2
DE000A0F5UE8,EXXU,IS.DJ CHINA OFFS.50 U.ETF
FR0010713784,18MG,AMUNDI ETF MSCI CHINA
DE000A0B9N37,A8A,JDC GROUP AG O.N.
LU0322250712,DX2D,DB X-TR.LPX MM PR.EQ.  1C
FR0000127771,VVU,"VIVENDI S.A. INH.  EO 5,5"
GB0007908733,SCT,SSE PLC
CH0012255151,UHR,"SWATCH GRP AG INH.SF 2,25"
GB0005405286,HBC1,"HSBC HLDGS PLC     DL-,50"
LU0290359032,DBXM,DB X-TR.II-ITR.CR. 1C
LU0292105359,DXSK,DB X-TR.ST.E.600 FO.+B.1C
DE000ETC0282,X0C2,COMMERZBANK ETC UNL.
DE0007008906,RTC,REALTECH AG O.N.
LU0378436520,C073,COMST.-S.E.600P+HG.UETF I
US9043112062,U9RA,"UNDER ARMOUR C DL-,000333"
LU0444607187,8530,C.-IB.E.S.I-L.E-I.U.ETF I
US6701002056,NOVA,NOVO-NORDISK B ADR/1DK 10
FR0000130809,SGE,"STE GENERALE INH. EO 1,25"
LU0274210672,DBXU,DB X-TR.MSCI USA INDEX 1C
US7181721090,4I1,PHILIP MORRIS INTL INC.
DE0001218063,A7A,FINLAB AG   NA O.N.
DE0009147207,EV4,CONSTANTIN MEDIEN AG O.N.
IE00B5MTWY73,SC0W,SOURCE-S.ST.E.600OP.B.R.A
LU0322252171,DXS5,DB X-T.MSCI AC.A.EX JI.1C
LU0779800910,XCHA,DB X-TR.CSI300 ETF 1C
DE000A0N62H8,VZLE,ETFS MET.SEC.DZ07/UN.BSKT
US68389X1054,ORC,"ORACLE CORP.       DL-,01"
LU0650624025,C006,COMST.-F.A.Z.IDX U.ETF I
FR0011475078,JPNH,LYX.JAP.(TOPIX)(DR) DHEO
IE00BJ38QD84,ZPRR,S.S.E.E.II-R.2000 US S.C.
DE0006289317,EXX2,ISHS ESTXX TELEC.30-15UC.
LU0524480265,XY4P,DB X-T.II-IB.S.E.Y.P.1C
DE000A0H08L5,EXH6,IS.S.E.600 MEDIA U.ETF A.
DE000A1EK0J7,XAD2,DB ETC PLC P SLVR EUR H60
DE000A0HL8N9,2GB,2G ENERGY AG
DE000A0STSQ8,M12,M1 KLINIKEN AG  O.N.
DE000ETFL268,EL4Z,DK MSCI USA
DE000ETF7508,F750,COMST.ALP.DIV.PL.UC.ETF R
DE0006084403,HBM,HORNBACH BAUMARKT AG O.N.
IE00B428Z604,IS0P,ISHSV-SPAIN GOVT BD EO D
LU0378453376,C020,COMST.-NIKKEI225 U.ETF I
FR0010713727,18MK,AMUNDI ETF MSCI INDIA
IE00BP3QZ825,IS3R,ISIV-E.MSCI WMF U.ETF DLA
AT0000831706,WIB,WIENERBERGER
DE000A0H08H3,EXH3,IS.S.E.600 FO.+B.U.ETF A.
DE000ETC0621,X0BC,COMMERZBANK ETC UNL.
DE000ETFL086,EL4H,DK MSCI EUROPE LC
IE00B27YCF74,IUSB,ISHSII-GL.T.+FOREST.DLDIS
DE000A14KRD3,DKG,DT.KONSUM REIT-AG
FR0007080973,GC40,AMU.ETF CAC 40 U.ETF DR C
IE00B02KXM00,IQQS,IS EO STOXX SM.U.ETF EOD
IE00B6R52259,IUSQ,ISHSV-MSCI ACWI DL A
CH0012549785,PHBN,"SONOVA HLDG AG NA.SF 0,05"
DE0006001902,HP3,RINGMETALL AG O.N.
IE00B60SWW18,SC0C,SOURCE MKTS-S.ST.EUR.600A
LU0419741177,C090,CS.CO.C.EX-AG.EWT.U.ETF I
DE000A0HHJR3,CLIQ,CLIQ DIGITAL AG  O.N.
DE000A1JXC94,H410,HSBC MSCI EM UC. ETF DZ
IE00BQQP9F84,G2X,VE GOLD MINERS UCITSETF A
FR0012386696,NK4L,LY.BAR.F.R.E.0-7YUETF CEO
IE00B4L5YC18,EUNM,ISHSIII-MSCI EM USD(ACC)
IE00B652H904,EUNY,ISHSV-EM DIVID.U.ETF DLD
FR0000124141,VVD,VEOLIA ENVIRONNE. EO 5
DE000A0KRJ36,OD7L,ETFS COM.SEC.DZ06/UN.NGAS
IE00B6YX5B26,SPYV,SPDR S+P EM.MKTS DIVI.ETF
NL0010315453,FBE,"FYBER N.V.  EO -,10"
DE0007454902,TLI,TELES AG INFORM.TECHN.
LU1390062245,EUIN,MUL-LYX.EO 2-10Y I.EX.CEO
US5951121038,MTE,"MICRON TECHN. INC. DL-,10"
DE000A0N62F2,VZLC,ETFS MET.SEC.DZ07/UN.XAG
FR0010344861,LYYR,LYX.STOXX E.600 F.+B.UETF
LU0478205379,D5BG,DBXTII-EUR C.B.UETF DR 1C
LU1618151879,TGHN,LOGWIN AG NAM. O.N.
IE00B52SFT06,SXR4,ISHSVII-MSCI USA DL ACC
IE00B6YX5C33,SPY5,SPDR S+P 500 UCITS ETF
US5324571083,LLY,ELI LILLY
DE000A11QW68,HRPK,7C SOLARPARKEN AG  O.N.
DE000A0V9L94,BNT1,EYEMAXX R.EST.AG
DE000A0V9YU8,4RT3,ETFS COM.SEC.DZ08/UN.IDX
GB00BDR05C01,NNGF,NATIONAL GRID PLC
IE00B3T9LM79,SYBC,SPDR BARC.EO COR.BD ETF
IE00B4M7GH52,IBCJ,ISHSV-MSCI POLAND DL ACC
US2605431038,DCH1,"DOW CHEM.         DL 2,50"
LU0392496690,C031,COMSTAGE-ATX UCITS ETF I
DE000SKWM021,SK1A,SKW STAHL-MET.HLDG. NA ON
US3703341046,GRM,"GENL MILLS        DL -,10"
US9668371068,WFM,WHOLE FOODS MKT
LU0249326488,M9SA,M.A.-J.R.INT.COM.IN.UETF
US46625H1005,CMC,JPMORGAN CHASE       DL 1
LU0952581402,XHYP,DB X-T.II-IB.S.E.Y.P.2C
LU1109942653,XHYG,DBXTII-EUR HYCBUETF(DR)1D
IE00BYVJRP78,QDVS,ISHSIV-SUS.M.EM.MK.SRI DL
US9130171096,UTC1,UTD TECHN.           DL 1
LU0392496773,C021,COMSTA.-TOPIX UCITS ETF I
FR0010688192,18M6,AMUNDI ETF MSCI EU.HEAL.
IE00B466KX20,SPYA,SPDR MSCI EM ASIA ETF
IE00B6TLBW47,IS0Q,ISV-I.JPM.DLEMCB.UETF DLD
LU0292100046,DBX8,DB X-TR.MSCI K.I.ETFDR1C
LU0292103222,DXSE,DB X-TR.ST.E.600 HE.CA.1C
IE00BTJRMP35,XMME,DB-XT.MSCI EMI U.ETF1CDLU
IE00B1FZSF77,IQQ7,ISHSII-US PROP.YLD DLDIS
LU0292109690,DBX7,DB X-TR.NIFTY 50 U.E.1C
US25157Y2028,DPWA,DEUTSCHE POST SPONS.ADR 1
US9497461015,NWT,"WELLS FARGO + CO.DL 1,666"
LU0292103651,DXSF,DB X-TR.ST.E.600 BANKS 1C
IE00B5B5TG76,S6X0,SOURCE MKTS-S.EU.STXX50 B
IE00B9MRHC27,XDN0,DB-XTR.MS.NORD.ETF(DR) 1D
DE000A0Q4R44,EXI5,IS.S.E.600 R.EST.U.ETF A.
FR0010688226,GLUX,AMUNDI ETF S+P GLB.LUXURY
FR0010424143,LSK8,LYX.EU.ST.50 D.D.S. U.ETF
DE0005855183,MSAG,MS INDUSTRIE AG
FR0010361675,LYME,LYX.HONG KONG(HSI)U.ETF D
LU0290358653,DXSQ,DB X-TR.II-ITR.EU. 1C
DE000WNDL110,WDL,WINDELN.DE SE O.N.
DE0006605009,MDN,MEDION AG O.N.
FR0010408799,LYMG,LYXOR BRAZIL(IB.)U.E.C-EO
CH0006539198,HLG,HIGHLIGHT CMNCTS INH.SF 1
IE00B52SF786,SXR2,ISHSVII-MSCI CANADA DLACC
DE000A2E3772,BTBB,BMP HOLDING AG  O.N.
GB00B7KR2P84,EJT1,"EASYJET PLC  LS-,27285714"
IE00B6R52143,IS0C,ISV-AGRIBUSIN.U.ETF DLA
US6516391066,NMM,"NEWMONT MNG CORP. DL 1,60"
US8636671013,SYK,"STRYKER CORP.      DL-,10"
DE0005875306,GFK,GFK SE O.N.
FR0010791004,540E,AMUN.ETF STXX EUR.600U.E.
US1638511089,2CU,"CHEMOURS CO.       DL-,01"
US6549022043,NOAA,"NOKIA OYJ A ADR 1/EO-,06"
DE000A0KFRJ1,T5O,CYTOTOOLS          O.N.
LU0629460675,UIMR,UBS E.-MSCI EMU S.R.EOAD
IE00B44Z5B48,SPYY,SPDR MSCI ACWI UCITS ETF
IE00B9MRJJ36,XDGM,DB-XTR.MITT.+MIDC.GERM.1D
LU0378435803,C067,COMS.-S.E.600F.+B.U.ETF I
LU0322251520,DXS3,DB X-TR.S+P 500 INV.DA.1C
DE000A1EMHE0,GTK,TONKENS AGRAR AG
DE0005937031,MAN3,MAN SE VZO O.N.
DE000ETFL045,EL4D,DK STOXX EUR.STR.VALUE 20
DE000ETF9058,E905,COMSTAGE 1-SDAX UCI.ETF I
LU0496786574,LYPS,MUL-LYX.S+P500UC.ETF D-EO
FR0010655696,18MI,AMUNDI ETF MSCI EUROPE
IE00B6YX5F63,SYB3,SPDR B.1-3 Y.EO GO.BD ETF
LU0690964092,XGVD,DB X-TR.II GLG.BDU.E.1DEO
DE000A1N49P6,OOEA,ETFS COM.SEC.Z12/UN.INDEX
IE00BYYHSM20,QDVX,ISHSII-MSCI EU.QUA.DV.EOD
AT0000922554,ROI,ROSENBAUER INTL
FR0010814236,LYPJ,LYX.E.C.BD X FI.U.ETF CEO
LU0533033824,LYPH,MUL-LYX.MSCI W.MA.TRUECEO
LU0942970798,XBAE,DB X-TR.II BA.G.AGG.BD 5C
DE000A1CXBV8,ETL2,ETFS L.DAT.ALL.COMM.GO DZ
DE0005400667,N2F,NANOFOCUS O.N.
IE00BWBXMB69,ZPDU,SSGA S.E.E.II-S.US U.S.S.
LU0488316729,C022,COMSTAGE-HSI UCITS ETF I
LU0530124006,5X63,C.-CO.BU.-F.D.S.T.U.ETF I
IE00BH361H73,XDND,DB-XTR.MS.N.AM.H.D.Y.I.1C
DE0005933949,EXW3,ISH.STOXX EUROPE 50 U.ETF
IE00BLNMYC90,XDEW,DB-XTR.S+P500 EW ETF 1CDL
IE00B54DDP56,UIQC,UBS ETFS-HFRX GL.HDG.A EO
DE000A0KRJV8,OD7D,ETFS COM.SEC.DZ06/UN.CORN
US9129091081,USX1,UNITED STATES STEEL  DL 1
IE00B0M63516,IQQB,IS MSCI BRAZ.U.ETF USD D
DE000LTT0243,LO24,LOTTO24 AG NA O.N.
DE0006656101,MWB,MWB FAIRTRADE WPHDLSBK AG
LU0446734526,UIMD,UBS-ETF-MSCI PAC.EX JAP.A
DE000ETC0597,X0B9,COMMERZBANK ETC UNL.
LU0429458895,D5BE,DB X-T.II-IB.DLT.1-3ETF1C
DE000A0H08Q4,EXV3,ISH.S.EU.600 TEC.U.ETF A.
US0015471081,AK2,"AK STEEL HLDG      DL-,01"
LU0378435399,C062,COMST.-S.E.600 BA.U.ETF I
DE000ETF9074,E907,COMSTAGE 1-MDAX UCI.ETF I
FR0010654913,18MB,AMUNDI ETF EU.ST.50 DR
DE000A0B9VV6,NNS,COREO AG   O.N.
DE000A0D88T9,MA1,MAX21 AG
DE000A1X3YY0,BST,BASTEI LUEBBE AG  O.N.
US67020Y1001,SC2,"NUANCE COMMUNIC.  DL-,001"
IE00BYYHSQ67,QDVW,ISHSII-MSCI WL.QUA.DV.DLD
IE00BRB36B93,XDNE,DB-XTR.JPX-N.400 E.DR3CEH
US9113121068,UPAB,UNITED PARCEL SE.B DL-01
DE0005227201,BIO,BIOTEST AG ST O.N.
DE000A161010,WSOK,WALLSTREET:ONLINE AG
DE0006942808,PZS,SCHERZER U. CO. AG O.N.
FR0000120404,ACR,ACCOR SA INH.        EO 3
IE00B42NKQ00,QDVF,ISHSV-S+P500ENER.SECT.DLA
LU0908508731,XG7S,DB X-TR.II GL G.BD U.E.5C
IE00BKWQ0H23,SPYH,SSGA S.E.E.II-M.EU.H.CARE
DE000A11QVV0,WL6,WILEX AG O.N.
FR0012647451,FRNU,AMUNDI ETF FR DL CORP.C
LU0321462953,DXSU,DBXTR.II-E.M.L.E.BD 1CEOH
US0727303028,BAYA,BAYER ADR
DE0005479307,VG8,VARENGOLD BANK AG
DE0005228779,OBS,ORBIS AG O.N.
IE00B53HP851,SXRW,ISHSVII-FTSE 100 LS ACC
DE000A2E4L42,S26A,PYROLYX AG   NA O.N.
DE000A0XFSF0,DMRE,DEMIRE DT.MTS.RE AG
DE000A12UKD1,CB7,SOLVESTA AG
FR0010892190,KX1G,AM.ETF GO.BD L.R.EOM.I.G.
US1407811058,CR8,"CARBO CERAMICS     DL-,01"
IE00BCLWRD08,IS3H,ISIV-MSCI EMUMC.U.ETF EOA
DE000A119M34,SMLP,SOURCE-S.M.US E.I.MLP ADZ
IE00B57X3V84,IUSL,ISHSII-DJ GL.SUST.SCR.DLA
DE000ETFL383,EFQ8,DK IBOXX EO L.NON-FI.DIV.
IE00B14X4S71,IUSU,IS DL T.BD1-3YR U.ETF DLD
DE0005146807,DEX,DELTICOM AG
US37045V1008,8GM,"GENERAL MOTORS     DL-,01"
US9311421039,WMT,"WAL-MART STRS      DL-,10"
SE0000108656,ERCB,ERICSSON B (FRIA)
DE0006289465,EXHA,ISH.EB.REXX GOV.GER.U.ETF
DE000A0KRJT2,OD7B,ETFS COM.SEC.DZ06/UN.COFF
LU1033694362,C014,C.-S+P 500 EO D.HD N.TR I
DE000A0V9Y81,4RUH,ETFS COM.SEC.DZ08/UN.IDX
DE0005874846,IS7,INTICA SYSTEMS AG
FR0010168781,LYY2,LYS.MSCI EMU V.(DR)UC.ETF
IE00BCRY6003,IS3K,ISHSIV-DL S.D.H.Y.BD DL D
IE00B4694Z11,SYBS,SPDR BAR.STER.COR.BD ETF
LU0290356871,DBXP,DBXTR.II-E.G.B.1-3(DR)1C
LU0292097234,DBXX,DB X-TR.FTSE100(DR)INC.1D
FR0010821819,540H,AMUNDI ETF MSCI EU X EMU
LU1291103338,EKLD,BNPPEMSCIKLD400USSRIUECDL
IE00BM67HW99,XDPE,DB-XTR.S+P500 U.ETF 1CEOH
IE00B78JSG98,UBU5,UBS(I)-MSCI US.V.U.E.ADDL
LU0446734104,UIMA,UBS-ETF-MSCI EUROPE A
IE00BWTN6Y99,HDLV,P.SHS S+P500 H.DIV.L.VOL.
LU0392495700,X020,C.S.-MSCI USA TRN U.ETF I
DE0008618737,BPE,"BP PLC DZ/1 DL-,25"
FR0011020957,AFIN,AMUNDI ETF EO COR.FIN.IB.
DE0001262152,DTD2,B+S BANKSYSTEME AG O.N.
LU0292108619,DBX3,DB X-T.MSCI EM LATAM I.1C
GB00B1VYCH82,TCG,"THOMAS COOK GROUP  EO-,01"
IE00BMP3HL79,UBUP,UBS I.ETF-MSCI EMU DEF.AD
IE00B3DKXQ41,EUN4,ISHSIII-EO AGGR.BD EO DIS
US38141G1040,GOS,GOLDMAN SACHS GRP INC.
LU0484968812,XB4F,DBXTII-ESG ECB.UETF(DR)1C
IE00B5MTYL84,SC03,SOURCE-S.ST.E.600OP.F+B A
LU0392495536,X018,CS.-CS.D.JO.RU.GDR UETF I
LU1310477036,AH50,DB X-T.H.FTSE C.A-H50 1D
DE000A1EK0H1,XAD3,DB ETC PLC P PLAT EUR H60
US1101221083,BRM,BRISTOL-MYERS SQUIBBDL-10
FR0010756114,18MP,AMUNDI ETF MSCI WLD X EMU
LU0290358497,DBXT,DB X-TR.II-EONIA 1C
LU0599613147,OSX6,OSS.ESTXX600 EW UC.ETF 1C
DE000A1MECS1,8PSG,SOURCE PHY.MRKT.ETC00 XAU
FR0010652867,LYQI,LYX.MSCI AC AXJ.U.ETF CEO
IE00BL25JM42,XDEV,CFS-DBXT.MSCI WVF.DR 1CDL
FR0010737544,LYQJ,LYXOR EURO C.BD U.ETF CEO
IE00B1FZS681,IBCN,ISHSII-EO G.BD3-5YR EODIS
DE000A0V9Y57,4RUE,ETFS COM.SEC.DZ08/UN.IDX
DE000ETFL201,EL4U,DK DB EUROG.GERMANY 5-10
FR0010326140,LYYE,LY.R.(D.J.R.GDR)UETF CEOC
IE00BKWQ0Q14,SPYE,SSGA S.E.E.II-MSCI EUROPE
LU0875160326,RQFI,DB X-TR.HAR.CSI300 UC. 1D
DE000A0H08C4,EXHK,IS.EO GO.BD.C.10.5+ U.ETF
DE000A12Z314,5CH5,ETFS FOR.EXC.DZ14/UN.CUR.
DE000ETFL227,EL4W,DK DB EUROG.GER.MONEYM.
LU0322252924,DXS7,DB X-TR.FTSE VIETNAM 1C
DE000A0V9YZ7,4RT8,ETFS COM.SEC.DZ08/UN.IDX
DE000A1E0HS6,XAD6,DB ETC PLC P SLVR EUR 60
US6174464486,DWD,"MORGAN STANLEY     DL-,01"
US7134481081,PEP,"PEPSICO INC.     DL-,0166"
DE000A1ZK3W9,PCFH,BOOST ISSUER SILV.ZT13/62
IE00BKWQ0M75,SPYS,SSGA S.E.E.II-M.EU.SM.CAP
IE00BP3QZD73,IS3T,ISHSIV-E.MSCI WLD S.F.DLA
DE000A1NZLM8,00XM,ETFS H.COM.SEC.Z12/UN.IDX
US1667641005,CHV,"CHEVRON CORP.      DL-,75"
DE000ETC0175,X0CK,COMMERZBANK ETC UNL.
US20825C1045,YCP,"CONOCOPHILLIPS     DL-,01"
US49456B1017,2KD,"KINDER MORGAN P DL-,01"
DE0005218309,MBQ,MOBOTIX AG O.N.
DE0005209589,A6T,ARTEC TECHNOLOGIES O.N.
FR0010655712,18MJ,AMUNDI ETF MSCI GERMANY
DE000ETC0340,X0D4,COMMERZBANK ETC UNL.
CH0210483332,RITN,CIE FIN.RICHEMONT   SF 1
DE000ETFL276,EL41,DK MSCI USA MC
DE0002605557,B8A,BAVARIA INDS GRP   O.N.
DE0005118806,TGT,11 88 0 SOLUTIONS AG
IE00BZ0PKS76,IBCY,ISHSIV-E.MSCI USA MUL.DLA
DE000A0HN4T3,WEG1,WESTGRUND AG
DE0006967805,PDA,PRO DV AG O.N.
FR0013213444,H1D5,AMUNDI ETF S+P 500 D.H.EO
DE000A0Q4RZ9,EXVM,I.EB.R.MONEY MARKET U.ETF
DE000ETC0332,X0D3,COMMERZBANK ETC UNL.
IE00BWBXM831,ZPDM,SSGA S.E.E.II-S.US M.S.S.
IE00B4MKCJ84,2B7B,ISHSV-S+P500MAT.SECT.DL A
LU0290357259,DBXB,DBXT.II-EGB.7-10 UE(DR)1C
IE00B4WXJD03,EUNJ,ISHSIII-MSCI P.EX-J.DLDIS
AT0000820659,BFC,KTM INDUSTRIES AG
DE000A133ZT6,O1LL,BOOST ISSUER ETP 2062
US40434L1052,7HP,"HP INC            DL -,01"
FR0010222224,LYQ2,LY.EUR.1-3Y I.G.(DR)U.ETF
FR0011146315,LYS4,L.E.HRMWGB.1-3Y(DR)UETF C
IE00BC7GZW19,SYBD,SPDR B.0-3 Y.EUR.CO.B.ETF
IE00B60SX170,SC0H,SOURCE MKTS-S.MSCI USA A
DE0005854343,E4C,ECOTEL COMMUNICATION AG
FR0000121972,SND,SCHNEIDER ELEC. INH. EO 4
US1510201049,CG3,"CELGENE CORP.      DL-,01"
DE000A0KRJU0,OD7C,ETFS COM.SEC.DZ06/UN.COPA
LU0292109344,DBX6,DB X-TR.MSCI BR.I.(DR) 1C
LU0444605215,CD47,COMST.-PSI 20 UCITS ETF I
AT0000652250,T1L,S IMMO AG
AT0000821103,UN9,UNIQA INSURANCE GROUP AG
LU0468896575,D5BB,DBXTII-G.G.B.UETF(DR) 1D
DE000A1KYN55,XCTL,DB ETC IDX COM BST E 61
DE000ETC0142,X0CJ,COMMERZBANK ETC UNL.
LU0629460832,UIMT,UBS-ETF-MSCI PAC.S.RESP.A
DE0006204589,C1V,MVISE AG O.N.
LU0292106167,DXSM,DB X-TR.DBLCI-OY BAL. 1C
LU1399300455,XUTE,DB X-T.II-IB.DL TR.(DR)2D
US61166W1018,MOO,"MONSANTO CO.       DL-,01"
LU0962071741,XYPD,DB X-T.II-IB.S.E.Y.P.1D
DE000A1N3G19,00XT,ETFS H.COM.SEC.Z12/UN.IDX
US1713401024,CXU,CHURCH + DWIGHT CO. DL 1
NL0000009165,HNK1,"HEINEKEN          EO 1,60"
IE00B4K48X80,EUNK,ISHSIII-MSCI EUR. EO(ACC)
IE00BP9F2J32,LDCE,PFIS ETF-P.LD EO C.B. EOI
DE000A1EK0W0,XBJQ,ETFS FOR.EXC.DZ10/UN.CUR.
US8715031089,SYM,"SYMANTEC CORP.     DL-,01"
DE000A133ZR0,3QSS,BOOST ISSUER ETP 2062
DE000A0V9ZC3,4RUM,ETFS COM.SEC.DZ08/UN.IDX
DE000A0KRJ51,OD7N,ETFS COM.SEC.DZ06/UN.SLVR
US7551115071,RTN1,"RAYTHEON CO.       DL-,01"
US9182041080,VFP,V.F. CORP.
DE0005167902,UUU,3U HOLDING AG
FR0010410266,LYM0,LYX.MSCI EM LA.AM.U.ETF C
LU0378437502,C010,C.S.-DJ INDUST.AV.U.ETF I
LU0392494729,X012,C.S.-MSCI EMU TRN U.ETF I
LU0392496005,X023,CS.-CS S+P S.C.600 UETF I
LU1452600270,TIUP,MUL-LYX.US TIPS (DR) DDL
US5007541064,KHNZ,"KRAFT HEINZ CO.DL -,01"
DE000A1JXC86,H4ZM,HSBC MSCI RU CAP.UC.ETFDZ
DE000A0MVLS8,ETG,ENVITEC BIOGAS O.N.
LU0378436447,C072,COMST.-S.E.600 O+G.UETF I
LU1291109616,GSDE,BNP P.EASY-EN.+ME.E.R.CEO
ES0118900010,UFG,"FERROVIAL S.A.INH. EO-,20"
DE000A1EK3B8,XAD4,DB ETC PLC P PAL EUR H 60
NL0000238145,APM,"AD PEPPER MEDIA   EO 0,05"
IE00BJZ2DD79,XRS2,DB-X-TR.RUS.2000 ETF 1CDL
US92532F1003,VX1,"VERTEX PHARMAC.    DL-,01"
FR0010791145,540L,AMUNDI ETF MSCI WLD ENER.
IE00BF8HV717,COVR,PFIS ETF-P.CB S.U.ETF EOI
DE000A12UP29,L1OA,LLOYD FONDS AG
DE0007830572,4DS,DALDRUP+SOEHNE AG
IE00BP3QZ601,IS3Q,ISHSIV-E.MSCI W.QU.F.DL A
IE00B3S5XW04,SYBB,SPDR BARC.EO.GOV.BD ETF
LU0629460089,UIMP,UBS ETF-MSCI USA S.R.ADDL
LU0292100806,DXSC,DB X-TR.ST.E.600 BA.RE.1C
DE000A2E4MK4,NUVA,NORATIS AG  INH. O.N.
DE0005494165,EQS,EQS GROUP AG NA O.N.
US1921085049,CDM1,"COEUR MINING DL -,01"
FR0010346205,LYYH,LYX.CTR/C.CRB E-E UE C-EO
IE00BZ036H21,XDGU,CFS-DBX.UCB.UETF(DR) 1DDL
DE000A133ZW0,NGXS,BOOST ISSUER NGAS.ETP2062
DE0006286560,O4B,OVB HOLDING AG
DE000A2BDEC4,4RUD,ETFS COM.SEC.DZ08/UN.IDX
US24703L1035,12D,"DELL TECHS INC. V  DL-,01"
DE000A14KN47,U1D,UHR.DE AG
CH0014852781,SLW,"SWISS LIFE HLDG SF 5,10"
GB0002634946,BSP,"BAE SYSTEMS PLC   LS-,025"
DE000A1VFZ51,PCFC,BOOST ISSUER 3S.ESTX13/62
DE000ETFL037,EL4C,DK STOXX EUR.STR.GROW.20
LU1199448058,ECBD,SI UC.-UC TH.R.B.E.C.B.UE
NL0000009082,KPN,KON. KPN NV         EO-04
DE000A1MMEV4,GSJ,GERM.STARTUPS GRP NA O.N.
DE000A0Z2Y48,VROS,VERIANOS REAL ESTATE AG
DE000A1NZLL0,00XL,ETFS H.COM.SEC.Z12/UN.IDX
DE000A14ND38,WTEE,WISDOMTREE EUR.EQ.INC.DZ
ES0113211835,BOY,BCO BIL.VIZ.ARG.NOM.EO-49
US4128221086,HAR,"HARLEY-DAVID.INC. DL -,01"
DE000A0Z23G6,ERMK,DEAG DT.ENTERTAINM. O.N.
DE000A0BVVK7,FAM1,DT.CANNABIS AG   O.N.
DE000A12Z306,JPE5,ETFS FOR.EXC.DZ14/UN.CUR.
IE00BKWQ0P07,SPYU,SSGA S.E.E.II-M.EUR.UTIL.
NL0010273215,ASME,"ASML HOLDING    EO -,09"
CH0001752309,GFIN,GEORG FISCHER NA  SF 1
DE000A0H08E0,EXV7,IS.S.EU.600 CHEM.U.ETF A.
DE000A1C22N1,H4ZG,HSBC MSCI BRAZ.UC.ETF DZ
DE000A1RFMY4,RCMN,RCM BETEILIGUNGS NA. O.N.
DE000ETN0842,X040,COMMERZBANK ETN UNL.
GB00BN7ZCY67,2EM,"ERGOMED PLC       LS -,01"
DE000A1C22Q4,H4ZI,HSBC MSCI EM F.E.UC.ETFDZ
DE000A141DW0,D500,SOURCE-S.S+P 500 DZ
FR0010168765,LYY3,LYX.MSCI EMU GWTH(DR)UETF
LU0533033402,LYPF,MUL-LYX.MSCI W.IN.TRUECEO
AT0000644505,LEN,LENZING AG
IE00BKWQ0G16,SPYZ,SSGA S.E.E.II-M.EURO.FIN.
IE00BRKWGL70,E500,SOURCE-S.S+P 500 EO HDGD
IE00B7K93397,UBU9,UBS(I.)ETF-SP500 U.E.ADDL
GB0008847096,TCO,"TESCO PLC          LS-,05"
DE0007279507,SPM,SPL.MEDIEN AG O.N.
FR0010361691,LYMC,LYX.MSCI KOREA U.ETF CEO
DE0005173306,A5A,ASKNET AG NA O.N.
FR0007056841,DJAM,LYX.D.JON.IN.AV.U.ETF DEO
LU0147308422,UIM4,UBS-ETF-MSCI EMU A
NL0011794037,AHOG,"AHOLD DELHAIZE,KON.EO-,01"
US0258161092,AEC1,"AMER. EXPRESS     DL -,20"
IE00B8KGV557,EUNZ,ISHSVI-E.MSCI EM MIN.VDLA
FR0010655746,AMES,AMUNDI ETF MSCI SPAIN
DE0005498901,DAM,DATA MODUL AG O.N.
DE000A0H08J9,EXH4,IS.S.E.600 I.G+S.U.ETF A.
IE00BD4DX952,XQUA,DB-XTR.IBOXX EM.SO.Q.W.1D
LU0489337690,D5BK,DB X-T.FTSE E/N DE RE 1C
LU0321465469,DXSZ,DB X-TR.II-FED FDS. 1C
AT0000720008,TA1,TELEKOM AUSTRIA AG
IE00BD5J2G21,IUSR,ISHSII-EO STOXX50 X-F.EOA
DE000A0V9YG7,4RTR,ETFS COM.SEC.DZ08/UN.IDX
DE0007612103,G6P,GOING PUBLIC MEDIA AG
IE00B802KR88,SPY1,SPDR S+P 500 LW VOL.USD
LU0643975591,X03F,DBXTR.II-EUROZ.G.B.(DR)1D
DE000A0V9X58,4RTE,ETFS COM.SEC.DZ08/UN.IDX
DE0005580005,DIE,DIERIG HOLDING AG O.N.
FR0010464446,LYMV,LY.S.A.(F.J.T.40)UETF CEO
FR0010754119,18MT,AMUNDI ETF EURO CRPS
IE00BZ0PKV06,IBC0,ISIV-E.MSCI E.M.U.ETF EOA
US2635341090,DUP,"DU PONT NEMOURS  DL -,30"
DE000A0Q8NC8,ETLX,ETFS DAXGL.G.MIN.GO UC.DZ
IE00B7KMNP07,UBUD,UBS(I)-S.G.P.G.M.U.E.ADDL
IT0003697080,GHH,"GEOX S.P.A.        EO-,10"
CH0025238863,KNIA,KUEHNE + NAGEL INTL  SF 1
IE00B3FH7618,EUN6,ISHSIII-EO G.BD 0-1YR EOD
CH0012255144,UHRN,"SWATCH GRP AG NAM.SF 0,45"
DE000ETC0225,X0CN,COMMERZBANK ETC UNL.
FR0010424135,LSK7,LYX.EUR.ST.50 DA.SH.U.ETF
DE000ETFL151,EL4P,DK IB EO LIQ.SOV.DIV.7-10
LU0335044896,DX22,DB X-TR.II-EONIA 1D
AT0000818802,DOQ,DO + CO AG
AT0000837307,T9Z,ZUMTOBEL GROUP AG INH. A
DE000A2DA6T5,FAM2,DT.CANNABIS AG  JGE O.N.
IE00BMP3HJ57,UBUN,UBS I.ETF-MSCI EMU CYC.AD
IE00BX7RQY03,UBUR,UBS(I)-F.MSCI US.L.V.ADDL
IE00BX7RRJ27,UBUT,UBS(I)-FA.MSCI US.QU.ADDL
IE00BX7RRT25,UBUU,UBS(I)-F.M.US.T.S.YL.ADDL
IE00BX7RR706,UBUS,UBS(I)-F.MSCI US.P.V.ADDL
IE00B5PYL424,UBUB,UBS(I)-SOL.G.O.E.U.E.ADDL
IE00B5TZCY80,UIQS,UBS ETFS-MSCI CA SF AACD
IE00B7KQ7B66,UBU7,UBS(I)-MSCI WOR. U.E.ADDL
IE00B77D4428,UBU3,UBS I.-MSCI USA U.E. ADDL
LU0136242590,UIM3,UBS-ETF FTSE 100 INH.A
LU0446734369,UIME,UBS-ETF-MSCI EMU VALUE A
LU0446734872,UIM9,UBS-ETF-MSCI CANADA A
LU0671493277,UEFD,UBS-ETF-MSCI EMU SM.CAP.A
LU0721552544,UEFF,UBS-BB.US1-3YTB.UETF ADL
LU0721552973,UEFI,UBS-BB.US710Y.TBUETF ADL
LU0879399441,UEFZ,UBS-E.SBI F.AAA-BBB5-10AD
LU0937835576,FRCA,UBS-E.-M.EMU H.T.DL ADDL
LU1048314196,UEF6,UBS-BBEALC1-5Y.UETF AEO
LU1048314949,UEF7,UBS-BBUSLC1-5YUETF ADL
LU1048316647,UEF9,UBS-B.B.US L.C.UETF ADL
LU1215451524,UIM2,UBS-ETF-FA.MS.EMU QU EOAD
LU1215452928,UIMZ,UBS-ETF-FA.MS.EMU PV EOAD
LU1215454460,UIMY,UBS-ETF-FA.MS.EMU LV EOAD
LU1215455947,UIM8,UBS-ETF-F.M.EMU TSY EOAD
LU1230561679,FRCJ,UBS-ETF-MSCI JAP.S.R.ADYN
LU1324516050,UEFS,UBS-BB.DL EM.S.UETF ADDL
LU1459802754,UIMB,UBS-B.B.TIP10+UETF ADDL
LU1484799769,UIMC,UBS-BBMSCIEALCSUETF ADEO
LU0136234068,UIM1,UBS ETF-EURO STOXX 50 A-D
